repository,scope,path,line,entity_type,property
core,application_or_library,CP6.Core/EFDbContext/CP6Context.cs,50,CrmIdentitySnapshot,CrmIdentitySnapshots
core,application_or_library,CP6.Core/EFDbContext/CP6Context.cs,51,CrmServiceTokenRecord,CrmServiceTokenRecords
core,application_or_library,CP6.Core/EFDbContext/CP6Context.cs,52,CrmIdentityBootstrapState,CrmIdentityBootstrapStates
core,application_or_library,CP6.Core/EFDbContext/CP6Context.cs,57,Sys_User,Sys_Users
core,application_or_library,CP6.Core/EFDbContext/CP6Context.cs,59,Sys_BrowserSession,Sys_BrowserSessions
core,application_or_library,CP6.Core/EFDbContext/CP6Context.cs,65,DataProtectionKey,DataProtectionKeys
core,application_or_library,CP6.Core/EFDbContext/CP6Context.cs,70,Sys_Tenant,Sys_Tenants
core,application_or_library,CP6.Core/EFDbContext/CP6Context.cs,75,Sys_Dept,Sys_Depts
core,application_or_library,CP6.Core/EFDbContext/CP6Context.cs,80,Sys_Role,Sys_Roles
core,application_or_library,CP6.Core/EFDbContext/CP6Context.cs,85,Sys_Menu,Sys_Menus
core,application_or_library,CP6.Core/EFDbContext/CP6Context.cs,90,Sys_RoleMenu,Sys_RoleMenus
core,application_or_library,CP6.Core/EFDbContext/CP6Context.cs,95,Sys_UserRole,Sys_UserRoles
core,application_or_library,CP6.Core/EFDbContext/CP6Context.cs,100,Sys_MenuAction,Sys_MenuActions
core,application_or_library,CP6.Core/EFDbContext/CP6Context.cs,105,Sys_RoleAction,Sys_RoleActions
core,application_or_library,CP6.Core/EFDbContext/CP6Context.cs,110,Sys_RoleDataScope,Sys_RoleDataScopes
core,application_or_library,CP6.Core/EFDbContext/CP6Context.cs,115,Sys_RoleFieldPerm,Sys_RoleFieldPerms
core,application_or_library,CP6.Core/EFDbContext/CP6Context.cs,118,Sys_PasswordHistory,Sys_PasswordHistories
core,application_or_library,CP6.Core/EFDbContext/CP6Context.cs,121,Sys_SecurityLog,Sys_SecurityLogs
core,application_or_library,CP6.Core/EFDbContext/CP6Context.cs,124,Sys_RefreshToken,Sys_RefreshTokens
core,application_or_library,CP6.Core/EFDbContext/CP6Context.cs,127,Sys_TenantSsoConfig,Sys_TenantSsoConfigs
core,application_or_library,CP6.Core/EFDbContext/CP6Context.cs,132,Pub_DocSequence,Pub_DocSequences
core,application_or_library,CP6.Core/EFDbContext/CP6Context.cs,137,Pub_Attachment,Pub_Attachments
core,application_or_library,CP6.Core/EFDbContext/CP6Context.cs,140,GenTable,Pub_GenTables
core,application_or_library,CP6.Core/EFDbContext/CP6Context.cs,143,GenColumn,Pub_GenColumns
core,application_or_library,CP6.Core/EFDbContext/CP6Context.cs,148,Sys_Lang,Sys_Langs
core,application_or_library,CP6.Core/EFDbContext/CP6Context.cs,153,Sys_DictType,Sys_DictTypes
core,application_or_library,CP6.Core/EFDbContext/CP6Context.cs,158,Sys_DictData,Sys_DictDatas
core,application_or_library,CP6.Core/EFDbContext/CP6Context.cs,163,Sys_OperLog,Sys_OperLogs
core,application_or_library,CP6.Core/EFDbContext/CP6Context.cs,168,Sys_FieldAuditLog,Sys_FieldAuditLogs
core,application_or_library,CP6.Core/EFDbContext/CP6Context.cs,172,IntegrationEvent,IntegrationEvents
core,application_or_library,CP6.Core/EFDbContext/CP6Context.cs,175,Space_AuditEvent,SpaceAuditEvents
core,application_or_library,CP6.Core/EFDbContext/CP6Context.cs,180,EstimateCalc,EstimateCalcs
core,application_or_library,CP6.Core/EFDbContext/CP6Context.cs,183,EstimateCalcProcess,EstimateCalcProcesses
core,application_or_library,CP6.Core/EFDbContext/CP6Context.cs,186,MasterBase,MasterBases
core,application_or_library,CP6.Core/EFDbContext/CP6Context.cs,189,MasterStaff,MasterStaffs
core,application_or_library,CP6.Core/EFDbContext/CP6Context.cs,192,MasterGenericCode,MasterGenericCodes
core,application_or_library,CP6.Core/EFDbContext/CP6Context.cs,197,Quotation,Quotations
core,application_or_library,CP6.Core/EFDbContext/CP6Context.cs,200,QuotationCalc,QuotationCalcs
core,application_or_library,CP6.Core/EFDbContext/CP6Context.cs,203,QuotationDetail,QuotationDetails
core,application_or_library,CP6.Core/EFDbContext/CP6Context.cs,208,ProductMaster,ProductMasters
core,application_or_library,CP6.Core/EFDbContext/CP6Context.cs,211,ProductProcess,ProductProcesses
core,application_or_library,CP6.Core/EFDbContext/CP6Context.cs,214,ProductMaterial,ProductMaterials
core,application_or_library,CP6.Core/EFDbContext/CP6Context.cs,217,ProductLotPrice,ProductLotPrices
core,application_or_library,CP6.Core/EFDbContext/CP6Context.cs,220,ProductCoProduct,ProductCoProducts
core,application_or_library,CP6.Core/EFDbContext/CP6Context.cs,225,Order,Orders
core,application_or_library,CP6.Core/EFDbContext/CP6Context.cs,228,OrderDetail,OrderDetails
core,application_or_library,CP6.Core/EFDbContext/CP6Context.cs,231,CreditNote,CreditNotes
core,application_or_library,CP6.Core/EFDbContext/CP6Context.cs,234,OrderProcess,OrderProcesses
core,application_or_library,CP6.Core/EFDbContext/CP6Context.cs,237,OrderProcessNote,OrderProcessNotes
core,application_or_library,CP6.Core/EFDbContext/CP6Context.cs,240,OrderMaterial,OrderMaterials
core,application_or_library,CP6.Core/EFDbContext/CP6Context.cs,245,BusinessPartner,BusinessPartners
core,application_or_library,CP6.Core/EFDbContext/CP6Context.cs,248,FscChecklist,FscChecklists
core,application_or_library,CP6.Core/EFDbContext/CP6Context.cs,251,DocSequence,DocSequences
core,application_or_library,CP6.Core/EFDbContext/CP6Context.cs,254,SheetUnitPrice,SheetUnitPrices
core,application_or_library,CP6.Core/EFDbContext/CP6Context.cs,255,SheetUnitPriceEstimate,SheetUnitPriceEstimates
core,application_or_library,CP6.Core/EFDbContext/CP6Context.cs,258,PlateMold,PlateMolds
core,application_or_library,CP6.Core/EFDbContext/CP6Context.cs,262,WorkOrder,WorkOrders
core,application_or_library,CP6.Core/EFDbContext/CP6Context.cs,264,WorkOrderProcess,WorkOrderProcesses
core,application_or_library,CP6.Core/EFDbContext/CP6Context.cs,266,WorkOrderMaterial,WorkOrderMaterials
core,application_or_library,CP6.Core/EFDbContext/CP6Context.cs,268,ProductionResult,ProductionResults
core,application_or_library,CP6.Core/EFDbContext/CP6Context.cs,270,QualityInspection,QualityInspections
core,application_or_library,CP6.Core/EFDbContext/CP6Context.cs,272,QualityInspectionItem,QualityInspectionItems
core,application_or_library,CP6.Core/EFDbContext/CP6Context.cs,274,DefectRecord,DefectRecords
core,application_or_library,CP6.Core/EFDbContext/CP6Context.cs,276,InspectionTemplate,InspectionTemplates
core,application_or_library,CP6.Core/EFDbContext/CP6Context.cs,278,DefectCategory,DefectCategories
core,application_or_library,CP6.Core/EFDbContext/CP6Context.cs,280,MesSequence,MesSequences
core,application_or_library,CP6.Core/EFDbContext/CP6Context.cs,284,Machine,Machines
core,application_or_library,CP6.Core/EFDbContext/CP6Context.cs,286,MachineDowntime,MachineDowntimes
core,application_or_library,CP6.Core/EFDbContext/CP6Context.cs,288,OeeDaily,OeeDailies
core,application_or_library,CP6.Core/EFDbContext/CP6Context.cs,292,Warehouse,Warehouses
core,application_or_library,CP6.Core/EFDbContext/CP6Context.cs,294,Location,Locations
core,application_or_library,CP6.Core/EFDbContext/CP6Context.cs,296,Stock,Stocks
core,application_or_library,CP6.Core/EFDbContext/CP6Context.cs,298,StockTransaction,StockTransactions
core,application_or_library,CP6.Core/EFDbContext/CP6Context.cs,300,WmsSequence,WmsSequences
core,application_or_library,CP6.Core/EFDbContext/CP6Context.cs,304,InboundOrder,InboundOrders
core,application_or_library,CP6.Core/EFDbContext/CP6Context.cs,306,InboundOrderDetail,InboundOrderDetails
core,application_or_library,CP6.Core/EFDbContext/CP6Context.cs,308,InboundReceipt,InboundReceipts
core,application_or_library,CP6.Core/EFDbContext/CP6Context.cs,310,InboundReceiptDetail,InboundReceiptDetails
core,application_or_library,CP6.Core/EFDbContext/CP6Context.cs,314,OutboundOrder,OutboundOrders
core,application_or_library,CP6.Core/EFDbContext/CP6Context.cs,316,OutboundOrderDetail,OutboundOrderDetails
core,application_or_library,CP6.Core/EFDbContext/CP6Context.cs,318,ShippingPackage,ShippingPackages
core,application_or_library,CP6.Core/EFDbContext/CP6Context.cs,320,MaterialShortage,MaterialShortages
core,application_or_library,CP6.Core/EFDbContext/CP6Context.cs,322,OutboundRoutingRule,OutboundRoutingRules
core,application_or_library,CP6.Core/EFDbContext/CP6Context.cs,324,FxRate,FxRates
core,application_or_library,CP6.Core/EFDbContext/CP6Context.cs,328,StockTake,StockTakes
core,application_or_library,CP6.Core/EFDbContext/CP6Context.cs,330,StockTakeDetail,StockTakeDetails
core,application_or_library,CP6.Core/EFDbContext/CP6Context.cs,334,QcInspection,QcInspections
core,application_or_library,CP6.Core/EFDbContext/CP6Context.cs,336,QcInspectionItem,QcInspectionItems
core,application_or_library,CP6.Core/EFDbContext/CP6Context.cs,338,RmaHeader,RmaHeaders
core,application_or_library,CP6.Core/EFDbContext/CP6Context.cs,340,RmaDetail,RmaDetails
core,application_or_library,CP6.Core/EFDbContext/CP6Context.cs,344,KitMaster,KitMasters
core,application_or_library,CP6.Core/EFDbContext/CP6Context.cs,346,KitMasterComponent,KitMasterComponents
core,application_or_library,CP6.Core/EFDbContext/CP6Context.cs,348,KitOrder,KitOrders
core,application_or_library,CP6.Core/EFDbContext/CP6Context.cs,352,CrossDockOrder,CrossDockOrders
core,application_or_library,CP6.Core/EFDbContext/CP6Context.cs,354,ReplenishOrder,ReplenishOrders
core,application_or_library,CP6.Core/EFDbContext/CP6Context.cs,356,SlottingPlan,SlottingPlans
core,application_or_library,CP6.Core/EFDbContext/CP6Context.cs,360,PaperRoll,PaperRolls
core,application_or_library,CP6.Core/EFDbContext/CP6Context.cs,362,InkLot,InkLots
core,application_or_library,CP6.Core/EFDbContext/CP6Context.cs,364,InkColorMatchHistory,InkColorMatchHistories
core,application_or_library,CP6.Core/EFDbContext/CP6Context.cs,366,Pallet,Pallets
core,application_or_library,CP6.Core/EFDbContext/CP6Context.cs,368,VmiBilling,VmiBillings
core,application_or_library,CP6.Core/EFDbContext/CP6Context.cs,372,RemnantMaterial,RemnantMaterials
core,application_or_library,CP6.Core/EFDbContext/CP6Context.cs,374,PlateMoldStock,PlateMoldStocks
core,application_or_library,CP6.Core/EFDbContext/CP6Context.cs,376,SampleStock,SampleStocks
core,application_or_library,CP6.Core/EFDbContext/CP6Context.cs,380,WcsTask,WcsTasks
core,application_or_library,CP6.Core/EFDbContext/CP6Context.cs,382,CarrierShipment,CarrierShipments
core,application_or_library,CP6.Core/EFDbContext/CP6Context.cs,384,IotSensor,IotSensors
core,application_or_library,CP6.Core/EFDbContext/CP6Context.cs,386,IotSensorReading,IotSensorReadings
core,application_or_library,CP6.Core/EFDbContext/CP6Context.cs,390,MobileTask,MobileTasks
core,application_or_library,CP6.Core/EFDbContext/CP6Context.cs,391,WmsFeatureFlag,WmsFeatureFlags
core,application_or_library,CP6.Core/EFDbContext/CP6Context.cs,392,WmsFeatureFlagChange,WmsFeatureFlagChanges
core,application_or_library,CP6.Core/EFDbContext/CP6Context.cs,393,WmsRoleScope,WmsRoleScopes
core,application_or_library,CP6.Core/EFDbContext/CP6Context.cs,394,ClientDevice,ClientDevices
core,application_or_library,CP6.Core/EFDbContext/CP6Context.cs,395,DeviceActivation,DeviceActivations
core,application_or_library,CP6.Core/EFDbContext/CP6Context.cs,396,BarcodeAlias,BarcodeAliases
core,application_or_library,CP6.Core/EFDbContext/CP6Context.cs,397,MobileTaskReservation,MobileTaskReservations
core,application_or_library,CP6.Core/EFDbContext/CP6Context.cs,398,MobileTaskEvent,MobileTaskEvents
core,application_or_library,CP6.Core/EFDbContext/CP6Context.cs,399,MobileTaskScanLog,MobileTaskScanLogs
core,application_or_library,CP6.Core/EFDbContext/CP6Context.cs,400,TaskCommandReceipt,TaskCommandReceipts
core,application_or_library,CP6.Core/EFDbContext/CP6Context.cs,401,SpaceDispatchApprovalRequest,SpaceDispatchApprovalRequests
core,application_or_library,CP6.Core/EFDbContext/CP6Context.cs,403,SpaceDispatchExecutionAction,SpaceDispatchExecutionActions
core,application_or_library,CP6.Core/EFDbContext/CP6Context.cs,405,StockSerial,StockSerials
core,application_or_library,CP6.Core/EFDbContext/CP6Context.cs,406,StockSerialTransaction,StockSerialTransactions
core,application_or_library,CP6.Core/EFDbContext/CP6Context.cs,407,LogisticsUnit,LogisticsUnits
core,application_or_library,CP6.Core/EFDbContext/CP6Context.cs,408,LpnContent,LpnContents
core,application_or_library,CP6.Core/EFDbContext/CP6Context.cs,409,LpnClosure,LpnClosures
core,application_or_library,CP6.Core/EFDbContext/CP6Context.cs,410,LpnPolicy,LpnPolicies
core,application_or_library,CP6.Core/EFDbContext/CP6Context.cs,411,LpnEvent,LpnEvents
core,application_or_library,CP6.Core/EFDbContext/CP6Context.cs,412,BarcodeProfile,BarcodeProfiles
core,application_or_library,CP6.Core/EFDbContext/CP6Context.cs,413,LabelTemplate,LabelTemplates
core,application_or_library,CP6.Core/EFDbContext/CP6Context.cs,414,LabelJob,LabelJobs
core,application_or_library,CP6.Core/EFDbContext/CP6Context.cs,418,Wf_FormDef,Wf_FormDefs
core,application_or_library,CP6.Core/EFDbContext/CP6Context.cs,419,Wf_FormDefVersion,Wf_FormDefVersions
core,application_or_library,CP6.Core/EFDbContext/CP6Context.cs,420,Wf_FormFlowBinding,Wf_FormFlowBindings
core,application_or_library,CP6.Core/EFDbContext/CP6Context.cs,421,Wf_FormDraft,Wf_FormDrafts
core,application_or_library,CP6.Core/EFDbContext/CP6Context.cs,423,Wf_FormData,Wf_FormDatas
core,application_or_library,CP6.Core/EFDbContext/CP6Context.cs,425,Wf_FlowDef,Wf_FlowDefs
core,application_or_library,CP6.Core/EFDbContext/CP6Context.cs,426,Wf_FlowDefVersion,Wf_FlowDefVersions
core,application_or_library,CP6.Core/EFDbContext/CP6Context.cs,427,Wf_FlowDefVersionDependency,Wf_FlowDefVersionDependencies
core,application_or_library,CP6.Core/EFDbContext/CP6Context.cs,429,Wf_FlowInstance,Wf_FlowInstances
core,application_or_library,CP6.Core/EFDbContext/CP6Context.cs,431,Wf_FlowTask,Wf_FlowTasks
core,application_or_library,CP6.Core/EFDbContext/CP6Context.cs,433,Wf_FlowHistory,Wf_FlowHistories
core,application_or_library,CP6.Core/EFDbContext/CP6Context.cs,435,Wf_ApprovalBinding,Wf_ApprovalBindings
core,application_or_library,CP6.Core/EFDbContext/CP6Context.cs,437,Wf_FlowDelegate,Wf_FlowDelegates
core,application_or_library,CP6.Core/EFDbContext/CP6Context.cs,439,Wf_FlowToken,Wf_FlowTokens
core,application_or_library,CP6.Core/EFDbContext/CP6Context.cs,441,Wf_FlowFormTo,Wf_FlowFormTos
core,application_or_library,CP6.Core/EFDbContext/CP6Context.cs,443,Wf_FlowData,Wf_FlowDatas
core,application_or_library,CP6.Core/EFDbContext/CP6Context.cs,445,Wf_FlowCc,Wf_FlowCcs
core,application_or_library,CP6.Core/EFDbContext/CP6Context.cs,447,Wf_FormFavorite,Wf_FormFavorites
core,application_or_library,CP6.Core/EFDbContext/CP6Context.cs,449,Wf_InboxPref,Wf_InboxPrefs
core,application_or_library,CP6.Core/EFDbContext/CP6Context.cs,451,Wf_Notification,Wf_Notifications
core,application_or_library,CP6.Core/EFDbContext/CP6Context.cs,453,Wf_ApproverMap,Wf_ApproverMaps
core,application_or_library,CP6.Core/EFDbContext/CP6Context.cs,455,Wf_ServiceJob,Wf_ServiceJobs
core,application_or_library,CP6.Core/EFDbContext/CP6Context.cs,457,Sys_WorkCalendar,Sys_WorkCalendars
core,application_or_library,CP6.Core/EFDbContext/CP6Context.cs,459,Wf_Connector,Wf_Connectors
core,application_or_library,CP6.Core/EFDbContext/CP6Context.cs,461,Wf_FlowTrigger,Wf_FlowTriggers
core,application_or_library,CP6.Core/EFDbContext/CP6Context.cs,463,Wf_TriggerFire,Wf_TriggerFires
core,application_or_library,CP6.Core/EFDbContext/CP6Context.cs,467,Space_Site,Space_Sites
core,application_or_library,CP6.Core/EFDbContext/CP6Context.cs,469,Space_Floor,Space_Floors
core,application_or_library,CP6.Core/EFDbContext/CP6Context.cs,471,Space_Zone,Space_Zones
core,application_or_library,CP6.Core/EFDbContext/CP6Context.cs,473,Space_Aisle,Space_Aisles
core,application_or_library,CP6.Core/EFDbContext/CP6Context.cs,475,Space_Rack,Space_Racks
core,application_or_library,CP6.Core/EFDbContext/CP6Context.cs,477,Space_Location,Space_Locations
core,application_or_library,CP6.Core/EFDbContext/CP6Context.cs,479,Space_Template,Space_Templates
core,application_or_library,CP6.Core/EFDbContext/CP6Context.cs,481,Space_CodeRule,Space_CodeRules
core,application_or_library,CP6.Core/EFDbContext/CP6Context.cs,483,Space_Marker,Space_Markers
core,application_or_library,CP6.Core/EFDbContext/CP6Context.cs,485,Space_Connector,Space_Connectors
core,application_or_library,CP6.Core/EFDbContext/CP6Context.cs,486,Space_ConnectorStop,Space_ConnectorStops
core,application_or_library,CP6.Core/EFDbContext/CP6Context.cs,487,Space_AnalyticsConfig,Space_AnalyticsConfigs
core,application_or_library,CP6.Core/EFDbContext/CP6Context.cs,488,Space_AbcSnapshot,Space_AbcSnapshots
core,application_or_library,CP6.Core/EFDbContext/CP6Context.cs,492,CP6.Entity.DomainModels.Wms.WmsBin,WmsBins
core,application_or_library,CP6.Core/EFDbContext/CP6Context.cs,494,SpaceWmsOperation,SpaceWmsOperations
core,application_or_library,CP6.Core/EFDbContext/CP6Context.cs,498,GlAccount,GlAccounts
core,application_or_library,CP6.Core/EFDbContext/CP6Context.cs,500,CostCenter,CostCenters
core,application_or_library,CP6.Core/EFDbContext/CP6Context.cs,502,JournalEntry,JournalEntries
core,application_or_library,CP6.Core/EFDbContext/CP6Context.cs,504,JournalLine,JournalLines
core,application_or_library,CP6.Core/EFDbContext/CP6Context.cs,506,FinSequence,FinSequences
core,application_or_library,CP6.Core/EFDbContext/CP6Context.cs,508,FiscalPeriod,FiscalPeriods
core,application_or_library,CP6.Core/EFDbContext/CP6Context.cs,510,PostingRule,PostingRules
core,application_or_library,CP6.Core/EFDbContext/CP6Context.cs,512,PostingRuleLine,PostingRuleLines
core,application_or_library,CP6.Core/EFDbContext/CP6Context.cs,514,ApInvoice,ApInvoices
core,application_or_library,CP6.Core/EFDbContext/CP6Context.cs,516,ApInvoiceLine,ApInvoiceLines
core,application_or_library,CP6.Core/EFDbContext/CP6Context.cs,518,Payment,Payments
core,application_or_library,CP6.Core/EFDbContext/CP6Context.cs,520,BankAccount,BankAccounts
core,application_or_library,CP6.Core/EFDbContext/CP6Context.cs,522,BankStatement,BankStatements
core,application_or_library,CP6.Core/EFDbContext/CP6Context.cs,523,BankStatementLine,BankStatementLines
core,application_or_library,CP6.Core/EFDbContext/CP6Context.cs,524,BankReconMatch,BankReconMatches
core,application_or_library,CP6.Core/EFDbContext/CP6Context.cs,525,BankReconJournalLink,BankReconJournalLinks
core,application_or_library,CP6.Core/EFDbContext/CP6Context.cs,526,BankImportProfile,BankImportProfiles
core,application_or_library,CP6.Core/EFDbContext/CP6Context.cs,528,Budget,Budgets
core,application_or_library,CP6.Core/EFDbContext/CP6Context.cs,529,BudgetVersion,BudgetVersions
core,application_or_library,CP6.Core/EFDbContext/CP6Context.cs,530,BudgetLine,BudgetLines
core,application_or_library,CP6.Core/EFDbContext/CP6Context.cs,531,BudgetLinePeriod,BudgetLinePeriods
core,application_or_library,CP6.Core/EFDbContext/CP6Context.cs,533,TaxCode,TaxCodes
core,application_or_library,CP6.Core/EFDbContext/CP6Context.cs,535,ApSettlement,ApSettlements
core,application_or_library,CP6.Core/EFDbContext/CP6Context.cs,537,ArInvoice,ArInvoices
core,application_or_library,CP6.Core/EFDbContext/CP6Context.cs,539,ArInvoiceLine,ArInvoiceLines
core,application_or_library,CP6.Core/EFDbContext/CP6Context.cs,541,Receipt,Receipts
core,application_or_library,CP6.Core/EFDbContext/CP6Context.cs,543,ArSettlement,ArSettlements
core,application_or_library,CP6.Core/EFDbContext/CP6Context.cs,545,CostSheet,CostSheets
core,application_or_library,CP6.Core/EFDbContext/CP6Context.cs,547,CostSheetLine,CostSheetLines
core,application_or_library,CP6.Core/EFDbContext/CP6Context.cs,549,AssetCategory,AssetCategories
core,application_or_library,CP6.Core/EFDbContext/CP6Context.cs,550,AssetCard,AssetCards
core,application_or_library,CP6.Core/EFDbContext/CP6Context.cs,551,DepreciationRun,DepreciationRuns
core,application_or_library,CP6.Core/EFDbContext/CP6Context.cs,552,DepreciationEntry,DepreciationEntries
core,application_or_library,CP6.Core/EFDbContext/CP6Context.cs,553,AssetDisposal,AssetDisposals
core,application_or_library,CP6.Core/EFDbContext/CP6Context.cs,557,SupplierPrice,SupplierPrices
core,application_or_library,CP6.Core/EFDbContext/CP6Context.cs,559,PurchaseOrder,PurchaseOrders
core,application_or_library,CP6.Core/EFDbContext/CP6Context.cs,561,PurchaseOrderLine,PurchaseOrderLines
core,application_or_library,CP6.Core/EFDbContext/CP6Context.cs,563,GoodsReceipt,GoodsReceipts
core,application_or_library,CP6.Core/EFDbContext/CP6Context.cs,565,GoodsReceiptLine,GoodsReceiptLines
core,application_or_library,CP6.Core/EFDbContext/CP6Context.cs,567,ThreeWayMatch,ThreeWayMatches
core,application_or_library,CP6.Core/EFDbContext/CP6Context.cs,569,ThreeWayMatchLine,ThreeWayMatchLines
core,application_or_library,CP6.Core/EFDbContext/CP6Context.cs,571,MatchTolerance,MatchTolerances
core,application_or_library,CP6.Core/EFDbContext/CP6Context.cs,575,PurchaseRequest,PurchaseRequests
core,application_or_library,CP6.Core/EFDbContext/CP6Context.cs,577,PurchaseRequestLine,PurchaseRequestLines
core,application_or_library,CP6.Core/EFDbContext/CP6Context.cs,581,Rfq,Rfqs
core,application_or_library,CP6.Core/EFDbContext/CP6Context.cs,583,RfqLine,RfqLines
core,application_or_library,CP6.Core/EFDbContext/CP6Context.cs,585,RfqSupplier,RfqSuppliers
core,application_or_library,CP6.Core/EFDbContext/CP6Context.cs,587,RfqQuote,RfqQuotes
core,application_or_library,CP6.Core/EFDbContext/CP6Context.cs,591,PoConsignMaterial,PoConsignMaterials
core,application_or_library,CP6.Core/EFDbContext/CP6Context.cs,595,Plan_ItemPlanningPolicy,ItemPlanningPolicies
core,application_or_library,CP6.Core/EFDbContext/CP6Context.cs,597,Plan_MrpRun,MrpRuns
core,application_or_library,CP6.Core/EFDbContext/CP6Context.cs,599,Plan_PlannedOrder,PlannedOrders
core,application_or_library,CP6.Core/EFDbContext/CP6Context.cs,601,Plan_Pegging,Peggings
core,application_or_library,CP6.Core/EFDbContext/CP6Context.cs,603,Plan_NetRequirement,NetRequirements
core,application_or_library,CP6.Core/EFDbContext/CP6Context.cs,606,WorkCenter,WorkCenters
core,application_or_library,CP6.Core/EFDbContext/CP6Context.cs,607,ProcessCostRate,ProcessCostRates
core,application_or_library,CP6.Core/Services/ErpIntegration/ErpIntegrationContext.cs,10,ErpInboxReceipt,Inbox
core,application_or_library,CP6.Core/Services/ErpIntegration/ErpIntegrationContext.cs,11,ErpIntegrationRequest,Requests
core,application_or_library,CP6.Core/Services/ErpIntegration/ErpIntegrationContext.cs,12,ErpIntegrationAggregate,Aggregates
core,application_or_library,CP6.Core/Services/ErpIntegration/ErpIntegrationContext.cs,13,ErpOrderBridgeDispatch,OrderBridges
core,application_or_library,CP6.Core/Services/ErpIntegration/ErpIntegrationContext.cs,14,ErpInboxReplayAudit,ReplayAudits
core,application_or_library,CP6.Space.Infrastructure/SpaceContext.cs,27,SpaceModel,Models
core,application_or_library,CP6.Space.Infrastructure/SpaceContext.cs,28,SpaceModelVersion,Versions
core,application_or_library,CP6.Space.Infrastructure/SpaceContext.cs,29,SpaceFile,Files
core,application_or_library,CP6.Space.Infrastructure/SpaceContext.cs,30,SpaceModelSource,Sources
core,application_or_library,CP6.Space.Infrastructure/SpaceContext.cs,31,SpaceArtifact,Artifacts
core,application_or_library,CP6.Space.Infrastructure/SpaceContext.cs,32,SpaceJob,Jobs
core,application_or_library,CP6.Space.Infrastructure/SpaceContext.cs,33,SpaceJobAttempt,JobAttempts
core,application_or_library,CP6.Space.Infrastructure/SpaceContext.cs,34,SpaceJobStep,JobSteps
core,application_or_library,CP6.Space.Infrastructure/SpaceContext.cs,35,SpaceModelIssue,Issues
core,application_or_library,CP6.Space.Infrastructure/SpaceContext.cs,36,SpaceValidationRun,ValidationRuns
core,application_or_library,CP6.Space.Infrastructure/SpaceContext.cs,38,SpacePublishPlan,PublishPlans
core,application_or_library,CP6.Space.Infrastructure/SpaceContext.cs,39,SpacePublishAttempt,PublishAttempts
core,application_or_library,CP6.Space.Infrastructure/SpaceContext.cs,41,SpacePublishBatch,PublishBatches
core,application_or_library,CP6.Space.Infrastructure/SpaceContext.cs,43,SpaceWmsReceipt,WmsReceipts
core,application_or_library,CP6.Space.Infrastructure/SpaceContext.cs,44,SpaceReconciliationIssue,ReconciliationIssues
core,application_or_library,CP6.Space.Infrastructure/SpaceContext.cs,46,SpacePublishAuditEvent,PublishAuditEvents
core,application_or_library,CP6.Space.Infrastructure/SpaceContext.cs,48,SpaceHistoricalRepublish,HistoricalRepublishes
core,application_or_library,CP6.Space.Infrastructure/SpaceContext.cs,50,SpaceRuntimeElement,RuntimeElements
core,application_or_library,CP6.Space.Infrastructure/SpaceContext.cs,52,SpaceIdempotencyRecord,IdempotencyRecords
core,application_or_library,CP6.Space.Infrastructure/SpaceContext.cs,54,SpaceGenerationRun,GenerationRuns
core,application_or_library,CP6.Space.Infrastructure/SpaceContext.cs,56,SpaceGenerationProposal,GenerationProposals
core,application_or_library,CP6.Space.Infrastructure/SpaceContext.cs,58,SpaceProposalDecision,ProposalDecisions
core,application_or_library,CP6.Space.Infrastructure/SpaceContext.cs,60,SpaceGenerationLockedFact,GenerationLockedFacts
core,application_or_library,CP6.Space.Infrastructure/SpaceContext.cs,62,SpaceGenerationStagingElement,GenerationStagingElements
core,application_or_library,CP6.Space.Infrastructure/SpaceContext.cs,64,SpaceAiUsageRecord,AiUsageRecords
core,application_or_library,CP6.Space.Infrastructure/SpaceContext.cs,66,SpaceTenantAiWorkSlot,TenantAiWorkSlots
core,application_or_library,CP6.Space.Infrastructure/SpaceContext.cs,68,SpaceAiBudgetReservation,AiBudgetReservations
core,application_or_library,CP6.Space.Infrastructure/SpaceContext.cs,70,SpaceAiTenantPolicyConfiguration,AiTenantPolicies
core,application_or_library,CP6.Space.Infrastructure/SpaceContext.cs,72,SpaceFloorRevision,FloorRevisions
core,application_or_library,CP6.Space.Infrastructure/SpaceContext.cs,73,SpaceUnderlayCalibration,UnderlayCalibrations
core,application_or_library,CP6.Space.Infrastructure/SpaceContext.cs,75,SpaceZoneRevision,ZoneRevisions
core,application_or_library,CP6.Space.Infrastructure/SpaceContext.cs,76,SpaceAisleRevision,AisleRevisions
core,application_or_library,CP6.Space.Infrastructure/SpaceContext.cs,77,SpaceRackRevision,RackRevisions
core,application_or_library,CP6.Space.Infrastructure/SpaceContext.cs,78,SpaceRackLevelRevision,RackLevelRevisions
core,application_or_library,CP6.Space.Infrastructure/SpaceContext.cs,80,SpaceLocationRevision,LocationRevisions
core,application_or_library,CP6.Space.Infrastructure/SpaceContext.cs,82,SpaceLocationExternalBinding,LocationExternalBindings
core,application_or_library,CP6.Space.Infrastructure/SpaceContext.cs,84,SpaceDesignAttribute,DesignAttributes
core,application_or_library,CP6.Space.Infrastructure/SpaceContext.cs,86,SpaceAsset,Assets
core,application_or_library,CP6.Space.Infrastructure/SpaceContext.cs,87,SpaceAssetVersion,AssetVersions
core,application_or_library,CP6.Space.Infrastructure/SpaceContext.cs,88,SpaceWarehouseTemplate,WarehouseTemplates
core,application_or_library,CP6.Space.Infrastructure/SpaceContext.cs,90,SpaceWarehouseTemplateVersion,WarehouseTemplateVersions
core,application_or_library,CP6.Space.Infrastructure/SpaceContext.cs,92,SpaceRackGenerationProfile,RackGenerationProfiles
core,application_or_library,CP6.Space.Infrastructure/SpaceContext.cs,94,SpaceRackGenerationProfileVersion,RackGenerationProfileVersions
core,application_or_library,CP6.Space.Infrastructure/SpaceContext.cs,97,SpaceElementRevision,ElementRevisions
core,application_or_library,CP6.Space.Infrastructure/SpaceContext.cs,99,SpaceElementAttribute,ElementAttributes
core,application_or_library,CP6.Space.Infrastructure/SpaceContext.cs,101,SpaceElementCommandBatch,ElementCommandBatches
core,application_or_library,CP6.Space.Infrastructure/SpaceContext.cs,103,SpaceElementCommandRecord,ElementCommandRecords
core,application_or_library,CP6.Space.Infrastructure/SpaceContext.cs,105,SpaceEditLease,EditLeases
core,application_or_library,CP6.Space.Infrastructure/SpaceContext.cs,106,SpaceEditLeaseTakeoverAudit,EditLeaseTakeoverAudits
core,application_or_library,CP6.Space.Infrastructure/SpaceContext.cs,108,SpaceCadParsePreparation,CadParsePreparations
core,application_or_library,CP6.Space.Infrastructure/SpaceContext.cs,110,SpaceCadSiteProviderConfiguration,CadProviderConfigurations
core,application_or_library,CP6.Space.Infrastructure/SpaceContext.cs,112,SpaceCadSiteProviderCertification,CadProviderCertifications
core,application_or_library,CP6.Space.Infrastructure/SpaceContext.cs,114,SpaceWmsAdoption,WmsAdoptions
core,application_or_library,CP6.Space.Infrastructure/SpaceContext.cs,116,SpacePersonnelEvent,PersonnelEvents
core,application_or_library,CP6.Space.Infrastructure/SpaceContext.cs,118,SpacePersonnelCurrentState,PersonnelStates
core,application_or_library,CP6.Space.Infrastructure/SpaceContext.cs,120,SpaceDeviceMapping,DeviceMappings
core,application_or_library,CP6.Space.Infrastructure/SpaceContext.cs,122,SpaceDeviceEvent,DeviceEvents
core,application_or_library,CP6.Space.Infrastructure/SpaceContext.cs,124,SpaceDeviceCurrentState,DeviceStates
core,application_or_library,CP6.Space.Infrastructure/SpaceContext.cs,126,SpaceDeviceAlarmState,DeviceAlarmStates
core,application_or_library,CP6.Space.Infrastructure/SpaceContext.cs,128,SpaceExternalOrganization,ExternalOrganizations
core,application_or_library,CP6.Space.Infrastructure/SpaceContext.cs,130,SpaceExternalMembership,ExternalMemberships
core,application_or_library,CP6.Space.Infrastructure/SpaceContext.cs,132,SpaceExternalGrant,ExternalGrants
core,application_or_library,CP6.Space.Infrastructure/SpaceContext.cs,134,SpaceExternalGrantFloor,ExternalGrantFloors
core,application_or_library,CP6.Space.Infrastructure/SpaceContext.cs,136,SpaceExternalGrantZone,ExternalGrantZones
core,application_or_library,CP6.Space.Infrastructure/SpaceContext.cs,138,SpaceExternalGrantOwner,ExternalGrantOwners
core,application_or_library,CP6.Space.Infrastructure/SpaceContext.cs,140,SpaceExternalGrantObject,ExternalGrantObjects
core,application_or_library,CP6.Space.Infrastructure/SpaceContext.cs,142,SpaceFieldPolicy,FieldPolicies
core,application_or_library,CP6.Space.Infrastructure/SpaceContext.cs,144,SpaceFieldPolicyField,FieldPolicyFields
core,application_or_library,CP6.Space.Infrastructure/SpaceContext.cs,146,SpaceCadMappingProfile,CadMappingProfiles
core,application_or_library,CP6.Space.Infrastructure/SpaceContext.cs,148,SpaceCadMappingProfileVersion,CadMappingProfileVersions
core,application_or_library,CP6.Space.Infrastructure/SpaceContext.cs,150,SpaceExcelMappingProfile,ExcelMappingProfiles
core,application_or_library,CP6.Space.Infrastructure/SpaceContext.cs,152,SpaceExcelMappingProfileVersion,ExcelMappingProfileVersions
core,application_or_library,CP6.Space.Infrastructure/SpaceContext.cs,154,SpacePutawayRecommendation,PutawayRecommendations
core,application_or_library,CP6.Space.Infrastructure/SpaceContext.cs,156,SpaceDispatchRecommendation,DispatchRecommendations
core,application_or_library,CP6.Space.Infrastructure/SpaceContext.cs,158,SpacePlanningScenarioBranch,PlanningScenarioBranches
core,application_or_library,CP6.Space.Infrastructure/SpaceContext.cs,160,SpacePlanningHistoricalDataset,PlanningHistoricalDatasets
core,application_or_library,CP6.Space.Infrastructure/SpaceContext.cs,162,SpacePlanningHistoricalTask,PlanningHistoricalTasks
core,application_or_library,CP6.Space.Infrastructure/SpaceContext.cs,164,SpacePlanningSimulationRun,PlanningSimulationRuns
core,application_or_library,CP6.Space.Infrastructure/SpaceContext.cs,166,SpacePlanningSimulationLocationResult,PlanningSimulationLocationResults
core,application_or_library,CP6.Space.Infrastructure/SpaceContext.cs,169,SpacePlanningComparison,PlanningComparisons
core,application_or_library,CP6.Space.Infrastructure/SpaceContext.cs,171,SpacePlanningComparisonEntry,PlanningComparisonEntries
core,application_or_library,CP6.Space.Infrastructure/SpaceContext.cs,173,SpacePlanningComparisonRisk,PlanningComparisonRisks
core,application_or_library,CP6.Space.Infrastructure/SpaceContext.cs,175,SpacePlanningDecisionRecord,PlanningDecisionRecords
core,reference,docs/file/CPX/Msbb.Infrastructure/Persistence/MsbbDbContext.cs,13,SysMenu,SysMenus
core,reference,docs/file/CPX/Msbb.Infrastructure/Persistence/MsbbDbContext.cs,14,SysLog,SysLogs
core,reference,docs/file/CPX/Msbb.Infrastructure/Persistence/MsbbDbContext.cs,15,GeneralMaster,GeneralMasters
