repository,scope,path,sdk,framework,project_references,package_references
core,application_or_library,CP6.Client.Api/CP6.Client.Api.csproj,Microsoft.NET.Sdk,net8.0,,
core,application_or_library,CP6.Client.Core/CP6.Client.Core.csproj,Microsoft.NET.Sdk,net8.0,..\CP6.Client.Api\CP6.Client.Api.csproj,Microsoft.AspNetCore.SignalR.Client@8.0.12;Microsoft.Extensions.DependencyInjection.Abstractions@8.0.2;Microsoft.Extensions.Http@8.0.1;Microsoft.Extensions.Logging.Abstractions@8.0.2
core,application_or_library,CP6.Client.Tests/CP6.Client.Tests.csproj,Microsoft.NET.Sdk,net8.0,..\CP6.Client.Core\CP6.Client.Core.csproj;..\CP6.Client.Api\CP6.Client.Api.csproj,Microsoft.NET.Test.Sdk@17.14.1;xunit@2.9.3;xunit.runner.visualstudio@3.1.4
core,application_or_library,CP6.Core/CP6.Core.csproj,Microsoft.NET.Sdk,net8.0,..\CP6.Entity\CP6.Entity.csproj,CP6.Platform.Messaging@[0.10.2];CP6.Platform.EntityFramework@[0.10.2];BCrypt.Net-Next@4.0.3;AWSSDK.S3@3.7.511.8;Otp.NET@1.4.0;ClosedXML@0.105.0;Confluent.Kafka@2.6.1;Dapper@2.1.72;Microsoft.AspNetCore.DataProtection.EntityFrameworkCore@8.0.30;Microsoft.EntityFrameworkCore.SqlServer@8.0.30;Microsoft.Extensions.Caching.StackExchangeRedis@8.0.12;NCrontab@3.3.3;RabbitMQ.Client@7.2.1;Scriban@7.2.4;System.Security.Cryptography.Xml@8.0.4;System.IdentityModel.Tokens.Jwt@8.17.0;Microsoft.IdentityModel.Protocols.OpenIdConnect@8.17.0
core,application_or_library,CP6.Desktop/CP6.Desktop.csproj,Microsoft.NET.Sdk,net8.0-windows10.0.19041.0,..\CP6.Client.Core\CP6.Client.Core.csproj,CommunityToolkit.Mvvm@8.4.0;Microsoft.Extensions.Hosting@8.0.1;System.Security.Cryptography.ProtectedData@8.0.0
core,application_or_library,CP6.Entity/CP6.Entity.csproj,Microsoft.NET.Sdk,net8.0,,Microsoft.EntityFrameworkCore@8.0.30
core,application_or_library,CP6.Mobile/CP6.Mobile.csproj,Microsoft.NET.Sdk,net10.0-android,..\CP6.Client.Core\CP6.Client.Core.csproj,CommunityToolkit.Mvvm@8.4.0;Microsoft.Extensions.Logging.Debug@10.0.0;Microsoft.Maui.Controls@10.0.20;ZXing.Net.Maui.Controls@0.10.3
core,application_or_library,CP6.Oidc.IntegrationTests/CP6.Oidc.IntegrationTests.csproj,Microsoft.NET.Sdk,net8.0,../CP6.WebApi/CP6.WebApi.csproj,Microsoft.NET.Test.Sdk@17.14.1;xunit@2.9.3;xunit.runner.visualstudio@3.1.4
core,application_or_library,CP6.Space.Application/CP6.Space.Application.csproj,Microsoft.NET.Sdk,net8.0,..\CP6.Space.Contracts\CP6.Space.Contracts.csproj;..\CP6.Space.Domain\CP6.Space.Domain.csproj,
core,application_or_library,CP6.Space.Client/CP6.Space.Client.csproj,Microsoft.NET.Sdk,net8.0,,
core,application_or_library,CP6.Space.Contracts/CP6.Space.Contracts.csproj,Microsoft.NET.Sdk,net8.0,,
core,application_or_library,CP6.Space.Domain/CP6.Space.Domain.csproj,Microsoft.NET.Sdk,net8.0,,
core,application_or_library,CP6.Space.Infrastructure/CP6.Space.Infrastructure.csproj,Microsoft.NET.Sdk,net8.0,..\CP6.Core\CP6.Core.csproj;..\CP6.Entity\CP6.Entity.csproj;..\CP6.Space.Application\CP6.Space.Application.csproj;..\CP6.Space.Domain\CP6.Space.Domain.csproj,DocumentFormat.OpenXml@3.1.1;Microsoft.EntityFrameworkCore.Design@8.0.30;Microsoft.EntityFrameworkCore.SqlServer@8.0.30
core,application_or_library,CP6.Space.IntegrationTests/CP6.Space.IntegrationTests.csproj,Microsoft.NET.Sdk,net8.0,..\CP6.Space.Application\CP6.Space.Application.csproj;..\CP6.Space.Domain\CP6.Space.Domain.csproj;..\CP6.Space.Infrastructure\CP6.Space.Infrastructure.csproj,Microsoft.EntityFrameworkCore.InMemory@8.0.30;Microsoft.EntityFrameworkCore.SqlServer@8.0.30;Microsoft.NET.Test.Sdk@17.14.1;xunit@2.9.3;xunit.runner.visualstudio@3.1.4
core,application_or_library,CP6.Space.UnitTests/CP6.Space.UnitTests.csproj,Microsoft.NET.Sdk,net8.0,..\CP6.Space.Application\CP6.Space.Application.csproj;..\CP6.Space.Domain\CP6.Space.Domain.csproj,Microsoft.NET.Test.Sdk@17.14.1;xunit@2.9.3;xunit.runner.visualstudio@3.1.4
core,application_or_library,CP6.Tests/CP6.Tests.csproj,Microsoft.NET.Sdk,net8.0,..\CP6.WebApi\CP6.WebApi.csproj;..\CP6.Core\CP6.Core.csproj;..\CP6.Entity\CP6.Entity.csproj;..\CP6.Space.Application\CP6.Space.Application.csproj;..\CP6.Space.Contracts\CP6.Space.Contracts.csproj;..\CP6.Space.Domain\CP6.Space.Domain.csproj;..\CP6.Space.Infrastructure\CP6.Space.Infrastructure.csproj,coverlet.collector@6.0.4;Microsoft.EntityFrameworkCore.InMemory@8.0.30;Microsoft.EntityFrameworkCore.Sqlite@8.0.30;Microsoft.NET.Test.Sdk@17.14.1;Moq@4.20.72;SQLitePCLRaw.bundle_e_sqlite3@2.1.12;xunit@2.9.3;xunit.runner.visualstudio@3.1.4
core,application_or_library,CP6.WebApi/CP6.WebApi.csproj,Microsoft.NET.Sdk.Web,net8.0,..\CP6.Core\CP6.Core.csproj;..\CP6.Space.Application\CP6.Space.Application.csproj;..\CP6.Space.Contracts\CP6.Space.Contracts.csproj;..\CP6.Space.Domain\CP6.Space.Domain.csproj;..\CP6.Space.Infrastructure\CP6.Space.Infrastructure.csproj,CP6.Platform.AspNetCore@[0.10.2];Microsoft.AspNetCore.Authentication.JwtBearer@8.0.30;Swashbuckle.AspNetCore@6.6.2;Microsoft.AspNetCore.SignalR.Client@8.0.12;Microsoft.AspNetCore.SignalR.StackExchangeRedis@8.0.12;MessagePack@2.5.302;prometheus-net.AspNetCore@8.2.1;Microsoft.EntityFrameworkCore.Design@8.0.30
core,reference,docs/file/CPX/Msbb.Api/Msbb.Api.csproj,Microsoft.NET.Sdk.Web,net8.0,..\Msbb.Application\Msbb.Application.csproj;..\Msbb.Infrastructure\Msbb.Infrastructure.csproj,Microsoft.EntityFrameworkCore.Design@8.0.0;Swashbuckle.AspNetCore@6.6.2
core,reference,docs/file/CPX/Msbb.Application/Msbb.Application.csproj,Microsoft.NET.Sdk,net8.0,..\Msbb.Domain\Msbb.Domain.csproj,
core,reference,docs/file/CPX/Msbb.Domain/Msbb.Domain.csproj,Microsoft.NET.Sdk,net8.0,,System.ComponentModel.Annotations@5.0.0
core,reference,docs/file/CPX/Msbb.Infrastructure/Msbb.Infrastructure.csproj,Microsoft.NET.Sdk,net8.0,..\Msbb.Application\Msbb.Application.csproj;..\Msbb.Domain\Msbb.Domain.csproj,Microsoft.EntityFrameworkCore.SqlServer@8.0.0;Microsoft.EntityFrameworkCore.Tools@8.0.0
core,reference,docs/file/CPX/MsbbSolution/MsbbSolution.csproj,Microsoft.NET.Sdk.Web,net8.0,,Swashbuckle.AspNetCore@6.6.2
core,reference,docs/superpowers/qa/sso/mock-idp/mock-idp.csproj,Microsoft.NET.Sdk.Web,net8.0,,System.IdentityModel.Tokens.Jwt@8.17.0
core,engineering,eng/crm/browser-fixture/CP6.Oidc.BrowserFixture.csproj,Microsoft.NET.Sdk,net8.0,../../../CP6.WebApi/CP6.WebApi.csproj,
core,engineering,eng/crm/erp-integration-tests/CP6.ErpIntegration.SqlTests.csproj,Microsoft.NET.Sdk,net8.0,../../../CP6.Core/CP6.Core.csproj;../../../CP6.WebApi/CP6.WebApi.csproj,Microsoft.EntityFrameworkCore.SqlServer@8.0.30;Microsoft.NET.Test.Sdk@17.14.1;xunit@2.9.3;xunit.runner.visualstudio@3.1.4
core,engineering,eng/crm/erp-live-fixture/CP6.ErpLive.Fixture.csproj,Microsoft.NET.Sdk,net8.0,../../../CP6.WebApi/CP6.WebApi.csproj,
core,engineering,eng/crm/identity-events-fixture/CP6.IdentityEvents.Fixture.csproj,Microsoft.NET.Sdk,net8.0,../../../CP6.WebApi/CP6.WebApi.csproj,
core,engineering,eng/crm/legacy-exit-tests/CP6.Crm.LegacyExit.Tests.csproj,Microsoft.NET.Sdk,net8.0,../../../CP6.Core/CP6.Core.csproj,Microsoft.NET.Test.Sdk@17.14.1;xunit@2.9.3;xunit.runner.visualstudio@3.1.4
core,engineering,eng/crm/source-fence-tests/CP6.Crm.SourceFence.Tests.csproj,Microsoft.NET.Sdk,net8.0,../../../tools/CP6.Crm.SourceFence/CP6.Crm.SourceFence.csproj,Microsoft.NET.Test.Sdk@17.14.1;xunit@2.9.3;xunit.runner.visualstudio@3.1.4;Microsoft.EntityFrameworkCore.SqlServer@8.0.30
core,engineering,tools/CP6.Crm.SourceFence/CP6.Crm.SourceFence.csproj,Microsoft.NET.Sdk,net8.0,,Microsoft.Data.SqlClient@5.1.9
core,engineering,tools/CP6.Space.CadExperiment.AsposeAdapter/CP6.Space.CadExperiment.AsposeAdapter.csproj,Microsoft.NET.Sdk,net8.0,..\CP6.Space.CadExperiment\CP6.Space.CadExperiment.csproj,Aspose.CAD@26.6.0
core,engineering,tools/CP6.Space.CadExperiment.Tests/CP6.Space.CadExperiment.Tests.csproj,Microsoft.NET.Sdk,net8.0,..\..\CP6.Space.Application\CP6.Space.Application.csproj;..\..\CP6.Space.Contracts\CP6.Space.Contracts.csproj;..\CP6.Space.CadExperiment\CP6.Space.CadExperiment.csproj;..\CP6.Space.CadWorker.AutoCadCandidate\CP6.Space.CadWorker.AutoCadCandidate.csproj,Microsoft.NET.Test.Sdk@17.14.1;xunit@2.9.3;xunit.runner.visualstudio@3.1.4
core,engineering,tools/CP6.Space.CadExperiment/CP6.Space.CadExperiment.csproj,Microsoft.NET.Sdk,net8.0,..\..\CP6.Space.Application\CP6.Space.Application.csproj;..\..\CP6.Space.Contracts\CP6.Space.Contracts.csproj;..\..\CP6.Space.Domain\CP6.Space.Domain.csproj,
core,engineering,tools/CP6.Space.CadStartAcceptance/CP6.Space.CadStartAcceptance.csproj,Microsoft.NET.Sdk,net8.0,..\..\CP6.Space.Infrastructure\CP6.Space.Infrastructure.csproj;..\CP6.Space.CadWorker.AutoCadCandidate\CP6.Space.CadWorker.AutoCadCandidate.csproj,
core,engineering,tools/CP6.Space.CadWorker.AutoCadCandidate/CP6.Space.CadWorker.AutoCadCandidate.csproj,Microsoft.NET.Sdk.Web,net8.0,..\CP6.Space.CadExperiment\CP6.Space.CadExperiment.csproj,
core,engineering,tools/CP6.Space.OpenApiGenerator/CP6.Space.OpenApiGenerator.csproj,Microsoft.NET.Sdk,net8.0,..\..\CP6.WebApi\CP6.WebApi.csproj,Microsoft.OpenApi@1.6.14;Swashbuckle.AspNetCore@6.6.2
core,engineering,tools/CP6.Space.StandardWarehouseGenerator/CP6.Space.StandardWarehouseGenerator.csproj,Microsoft.NET.Sdk,net8.0,..\..\CP6.Space.Application\CP6.Space.Application.csproj,
core,engineering,tools/p10/PreflightInputs/CP6.P10.PreflightInputs.csproj,Microsoft.NET.Sdk,net8.0,../ReleaseVerifier/CP6.P10.ReleaseVerifier.csproj,
core,engineering,tools/p10/ReleaseVerifier.Tests/CP6.P10.ReleaseVerifier.Tests.csproj,Microsoft.NET.Sdk,net8.0,../ReleaseVerifier/CP6.P10.ReleaseVerifier.csproj,Microsoft.NET.Test.Sdk@17.14.1;xunit@2.9.3;xunit.runner.visualstudio@3.1.4
core,engineering,tools/p10/ReleaseVerifier/CP6.P10.ReleaseVerifier.csproj,Microsoft.NET.Sdk,net8.0,,CP6.Platform.Release@[0.10.1];NuGet.Packaging@[6.11.2];System.Security.Cryptography.Pkcs@[8.0.1]
platform,application_or_library,src/CP6.Platform.Abstractions/CP6.Platform.Abstractions.csproj,Microsoft.NET.Sdk,,../CP6.Platform.Contracts/CP6.Platform.Contracts.csproj,
platform,application_or_library,src/CP6.Platform.AspNetCore/CP6.Platform.AspNetCore.csproj,Microsoft.NET.Sdk,,../CP6.Platform.Abstractions/CP6.Platform.Abstractions.csproj;../CP6.Platform.Contracts/CP6.Platform.Contracts.csproj,Microsoft.AspNetCore.Authentication.JwtBearer;Microsoft.Extensions.Http.Resilience;OpenTelemetry.Extensions.Hosting;OpenTelemetry.Instrumentation.AspNetCore;OpenTelemetry.Instrumentation.Http;Yarp.ReverseProxy
platform,application_or_library,src/CP6.Platform.Contracts/CP6.Platform.Contracts.csproj,Microsoft.NET.Sdk,,,
platform,application_or_library,src/CP6.Platform.Deployment/CP6.Platform.Deployment.csproj,Microsoft.NET.Sdk,,,
platform,application_or_library,src/CP6.Platform.EntityFramework/CP6.Platform.EntityFramework.csproj,Microsoft.NET.Sdk,,../CP6.Platform.Abstractions/CP6.Platform.Abstractions.csproj;../CP6.Platform.Contracts/CP6.Platform.Contracts.csproj,Microsoft.EntityFrameworkCore;Microsoft.EntityFrameworkCore.Relational
platform,application_or_library,src/CP6.Platform.Messaging/CP6.Platform.Messaging.csproj,Microsoft.NET.Sdk,,../CP6.Platform.Abstractions/CP6.Platform.Abstractions.csproj;../CP6.Platform.Contracts/CP6.Platform.Contracts.csproj,CloudNative.CloudEvents;CloudNative.CloudEvents.SystemTextJson;Dapr.Client;JsonSchema.Net
platform,application_or_library,src/CP6.Platform.Release/CP6.Platform.Release.csproj,Microsoft.NET.Sdk,,,
platform,application_or_library,src/CP6.Platform.Testing/CP6.Platform.Testing.csproj,Microsoft.NET.Sdk,,../CP6.Platform.Abstractions/CP6.Platform.Abstractions.csproj;../CP6.Platform.AspNetCore/CP6.Platform.AspNetCore.csproj;../CP6.Platform.Contracts/CP6.Platform.Contracts.csproj;../CP6.Platform.EntityFramework/CP6.Platform.EntityFramework.csproj;../CP6.Platform.Messaging/CP6.Platform.Messaging.csproj,
platform,engineering,tests/CP6.Platform.ArchitectureTests/CP6.Platform.ArchitectureTests.csproj,Microsoft.NET.Sdk,,,Microsoft.NET.Test.Sdk;xunit;xunit.runner.visualstudio
platform,engineering,tests/CP6.Platform.AspNetCoreTests/CP6.Platform.AspNetCoreTests.csproj,Microsoft.NET.Sdk,,../../src/CP6.Platform.Abstractions/CP6.Platform.Abstractions.csproj;../../src/CP6.Platform.AspNetCore/CP6.Platform.AspNetCore.csproj;../../src/CP6.Platform.Contracts/CP6.Platform.Contracts.csproj;../../src/CP6.Platform.Testing/CP6.Platform.Testing.csproj,Microsoft.NET.Test.Sdk;xunit;xunit.runner.visualstudio
platform,engineering,tests/CP6.Platform.DaprKafkaFixture/CP6.Platform.DaprKafkaFixture.csproj,Microsoft.NET.Sdk.Web,,../../src/CP6.Platform.Messaging/CP6.Platform.Messaging.csproj,
platform,engineering,tests/CP6.Platform.DeploymentTests/CP6.Platform.DeploymentTests.csproj,Microsoft.NET.Sdk,,../../src/CP6.Platform.Deployment/CP6.Platform.Deployment.csproj;../CP6.Platform.P09Fixture/CP6.Platform.P09Fixture.csproj,JsonSchema.Net;Microsoft.NET.Test.Sdk;xunit;xunit.runner.visualstudio
platform,engineering,tests/CP6.Platform.DeploymentTests/P09Validator/P09Validator.csproj,Microsoft.NET.Sdk,,../../../src/CP6.Platform.Deployment/CP6.Platform.Deployment.csproj,
platform,engineering,tests/CP6.Platform.P09Fixture/CP6.Platform.P09Fixture.csproj,Microsoft.NET.Sdk.Web,,../../src/CP6.Platform.Contracts/CP6.Platform.Contracts.csproj;../../src/CP6.Platform.Deployment/CP6.Platform.Deployment.csproj;../../src/CP6.Platform.Messaging/CP6.Platform.Messaging.csproj,Dapr.Client
platform,engineering,tests/CP6.Platform.ReleaseTests/CP6.Platform.ReleaseTests.csproj,Microsoft.NET.Sdk,,../../src/CP6.Platform.Release/CP6.Platform.Release.csproj;../../tools/CP6.Platform.ReleaseTool/CP6.Platform.ReleaseTool.csproj,JsonSchema.Net;Microsoft.NET.Test.Sdk;xunit;xunit.runner.visualstudio
platform,engineering,tests/CP6.Platform.SqlServerFixture/CP6.Platform.SqlServerFixture.csproj,Microsoft.NET.Sdk,,../../src/CP6.Platform.EntityFramework/CP6.Platform.EntityFramework.csproj,Microsoft.EntityFrameworkCore.SqlServer
platform,engineering,tests/CP6.Platform.UnitTests/CP6.Platform.UnitTests.csproj,Microsoft.NET.Sdk,,../../src/CP6.Platform.Abstractions/CP6.Platform.Abstractions.csproj;../../src/CP6.Platform.Contracts/CP6.Platform.Contracts.csproj;../../src/CP6.Platform.EntityFramework/CP6.Platform.EntityFramework.csproj;../../src/CP6.Platform.Messaging/CP6.Platform.Messaging.csproj;../../src/CP6.Platform.Testing/CP6.Platform.Testing.csproj,Microsoft.NET.Test.Sdk;xunit;xunit.runner.visualstudio
platform,engineering,tools/CP6.Platform.ReleaseTool/CP6.Platform.ReleaseTool.csproj,Microsoft.NET.Sdk,net8.0,../../src/CP6.Platform.Release/CP6.Platform.Release.csproj,NuGet.Configuration;NuGet.Packaging;NuGet.Protocol;NuGet.Versioning;System.Formats.Asn1;System.Security.Cryptography.Pkcs
