repository,scope,path,lines,type
core,application_or_library,CP6.Desktop/App.xaml,19,xaml
core,application_or_library,CP6.Desktop/MainWindow.xaml,244,xaml
core,application_or_library,CP6.Mobile/App.xaml,17,xaml
core,application_or_library,CP6.Mobile/AppShell.xaml,4,xaml
core,application_or_library,CP6.Mobile/DeviceActivationPage.xaml,22,xaml
core,application_or_library,CP6.Mobile/LoginPage.xaml,38,xaml
core,application_or_library,CP6.Mobile/MoveScanPage.xaml,42,xaml
core,application_or_library,CP6.Mobile/TaskDetailPage.xaml,23,xaml
core,application_or_library,CP6.Mobile/TaskListPage.xaml,35,xaml
core,application_or_library,CP6.Mobile/UpgradePage.xaml,34,xaml
core,application_or_library,cp6.web/src/App.vue,14,vue
core,application_or_library,cp6.web/src/components/ImpersonationBanner.vue,98,vue
core,application_or_library,cp6.web/src/components/MenuTreeItem.vue,41,vue
core,application_or_library,cp6.web/src/components/PubImportDialog.vue,135,vue
core,application_or_library,cp6.web/src/components/PubUpload.vue,116,vue
core,application_or_library,cp6.web/src/components/VolForm.vue,130,vue
core,application_or_library,cp6.web/src/components/VolTable.vue,524,vue
core,application_or_library,cp6.web/src/components/approval/ApprovalPanel.vue,149,vue
core,application_or_library,cp6.web/src/components/base/CpEmpty.vue,35,vue
core,application_or_library,cp6.web/src/components/base/CpSectionHeader.vue,31,vue
core,application_or_library,cp6.web/src/components/base/CpTag.vue,45,vue
core,application_or_library,cp6.web/src/components/estimate/RecycleLawDialog.vue,220,vue
core,application_or_library,cp6.web/src/components/master/MasterReferenceDialog.vue,210,vue
core,application_or_library,cp6.web/src/components/oa/ActingAsBanner.vue,65,vue
core,application_or_library,cp6.web/src/components/templates/CpDetailPanel.vue,58,vue
core,application_or_library,cp6.web/src/components/templates/CpFilterBar.vue,175,vue
core,application_or_library,cp6.web/src/components/templates/CpFormDialog.vue,167,vue
core,application_or_library,cp6.web/src/components/templates/CpListPage.vue,324,vue
core,application_or_library,cp6.web/src/components/templates/CpPageShell.vue,38,vue
core,application_or_library,cp6.web/src/components/templates/CpStatCard.vue,173,vue
core,application_or_library,cp6.web/src/components/templates/CpStatusStrip.vue,64,vue
core,application_or_library,cp6.web/src/modules/space-design/ai-review/DesignAiGenerationLauncherPanel.vue,296,vue
core,application_or_library,cp6.web/src/modules/space-design/ai-review/DesignAiProposalDecisionPanel.vue,788,vue
core,application_or_library,cp6.web/src/modules/space-design/ai-review/DesignAiProposalReviewPanel.vue,315,vue
core,application_or_library,cp6.web/src/modules/space-design/cad-review/DesignCadIssuePanel.vue,410,vue
core,application_or_library,cp6.web/src/modules/space-design/cad-review/DesignCadReviewCandidatePicker.vue,160,vue
core,application_or_library,cp6.web/src/modules/space-design/cad-review/DesignExcelCadMatchPanel.vue,521,vue
core,application_or_library,cp6.web/src/modules/space-design/cad-start/DesignCadMappingProfileManager.vue,318,vue
core,application_or_library,cp6.web/src/modules/space-design/cad-start/DesignCadStartWizard.vue,790,vue
core,application_or_library,cp6.web/src/modules/space-design/coding/DesignLocationCodingPanel.vue,161,vue
core,application_or_library,cp6.web/src/modules/space-design/excel-cad/DesignExcelCadStartWizard.vue,384,vue
core,application_or_library,cp6.web/src/modules/space-design/layout/DesignLayoutCreatePanel.vue,426,vue
core,application_or_library,cp6.web/src/modules/space-design/layout/DesignLayoutPropertiesPanel.vue,194,vue
core,application_or_library,cp6.web/src/modules/space-design/panels/DesignBatchToolsPanel.vue,329,vue
core,application_or_library,cp6.web/src/modules/space-design/panels/DesignElementPropertiesPanel.vue,302,vue
core,application_or_library,cp6.web/src/modules/space-design/panels/DesignWmsAdoptionPanel.vue,532,vue
core,application_or_library,cp6.web/src/modules/space-design/panels/SpaceStudioChecklist.vue,42,vue
core,application_or_library,cp6.web/src/modules/space-design/panels/SpaceStudioContextPanel.vue,291,vue
core,application_or_library,cp6.web/src/modules/space-design/preview3d/DesignScenePreview3D.vue,297,vue
core,application_or_library,cp6.web/src/modules/space-design/sources/DesignSourceList.vue,210,vue
core,application_or_library,cp6.web/src/modules/space-design/templates/DesignWarehouseTemplatePanel.vue,323,vue
core,application_or_library,cp6.web/src/views/DetachedWorkspaceView.vue,27,vue
core,application_or_library,cp6.web/src/views/LayoutView.vue,727,vue
core,application_or_library,cp6.web/src/views/LoginView.vue,1827,vue
core,application_or_library,cp6.web/src/views/dashboard/DashboardView.vue,1055,vue
core,application_or_library,cp6.web/src/views/dashboard/HomeView.vue,3,vue
core,application_or_library,cp6.web/src/views/dashboard/components/DonutChart.vue,152,vue
core,application_or_library,cp6.web/src/views/erp/BackorderListView.vue,240,vue
core,application_or_library,cp6.web/src/views/erp/BusinessPartnerListView.vue,228,vue
core,application_or_library,cp6.web/src/views/erp/BusinessPartnerView.vue,284,vue
core,application_or_library,cp6.web/src/views/erp/CreditNoteListView.vue,126,vue
core,application_or_library,cp6.web/src/views/erp/EstimateCalcListView.vue,148,vue
core,application_or_library,cp6.web/src/views/erp/EstimateCalcView.vue,485,vue
core,application_or_library,cp6.web/src/views/erp/FscChecklistView.vue,212,vue
core,application_or_library,cp6.web/src/views/erp/FxRateView.vue,179,vue
core,application_or_library,cp6.web/src/views/erp/OrderCancelDialog.vue,230,vue
core,application_or_library,cp6.web/src/views/erp/OrderEntryView.vue,321,vue
core,application_or_library,cp6.web/src/views/erp/OrderListView.vue,214,vue
core,application_or_library,cp6.web/src/views/erp/OrderPriceCorrectionView.vue,247,vue
core,application_or_library,cp6.web/src/views/erp/OrderTraceView.vue,455,vue
core,application_or_library,cp6.web/src/views/erp/OtdReportView.vue,421,vue
core,application_or_library,cp6.web/src/views/erp/PlateMoldListView.vue,254,vue
core,application_or_library,cp6.web/src/views/erp/PlateMoldView.vue,327,vue
core,application_or_library,cp6.web/src/views/erp/ProductMasterListView.vue,226,vue
core,application_or_library,cp6.web/src/views/erp/ProductMasterView.vue,512,vue
core,application_or_library,cp6.web/src/views/erp/QuotationListView.vue,248,vue
core,application_or_library,cp6.web/src/views/erp/QuotationView.vue,1226,vue
core,application_or_library,cp6.web/src/views/erp/SheetUnitPriceView.vue,214,vue
core,application_or_library,cp6.web/src/views/erp/bp/ApTab.vue,15,vue
core,application_or_library,cp6.web/src/views/erp/bp/ArTab.vue,18,vue
core,application_or_library,cp6.web/src/views/erp/bp/BasicInfoTab.vue,74,vue
core,application_or_library,cp6.web/src/views/erp/bp/BillingTab.vue,34,vue
core,application_or_library,cp6.web/src/views/erp/bp/CustomerTab.vue,85,vue
core,application_or_library,cp6.web/src/views/erp/bp/DeliveryTab.vue,24,vue
core,application_or_library,cp6.web/src/views/erp/bp/PaySchTab.vue,41,vue
core,application_or_library,cp6.web/src/views/erp/bp/PaymentTab.vue,13,vue
core,application_or_library,cp6.web/src/views/erp/bp/ReceiptTab.vue,38,vue
core,application_or_library,cp6.web/src/views/erp/bp/SupplierTab.vue,58,vue
core,application_or_library,cp6.web/src/views/erp/estimate/Step1BasicInfo.vue,634,vue
core,application_or_library,cp6.web/src/views/erp/estimate/Step2Processes.vue,248,vue
core,application_or_library,cp6.web/src/views/erp/estimate/Step3Result.vue,185,vue
core,application_or_library,cp6.web/src/views/erp/order/Step1HeaderAndDetails.vue,321,vue
core,application_or_library,cp6.web/src/views/erp/order/Step2BasicInfo.vue,161,vue
core,application_or_library,cp6.web/src/views/erp/order/Step3ProcessInfo.vue,248,vue
core,application_or_library,cp6.web/src/views/erp/product/Step1TargetSelect.vue,339,vue
core,application_or_library,cp6.web/src/views/erp/product/Step2BasicInfo.vue,427,vue
core,application_or_library,cp6.web/src/views/erp/product/Step3ProcessInfo.vue,428,vue
core,application_or_library,cp6.web/src/views/erp/product/Step4MaterialSetting.vue,182,vue
core,application_or_library,cp6.web/src/views/erp/product/Step5LotPriceOther.vue,291,vue
core,application_or_library,cp6.web/src/views/fin/ApAgingView.vue,70,vue
core,application_or_library,cp6.web/src/views/fin/ApInvoiceView.vue,190,vue
core,application_or_library,cp6.web/src/views/fin/ArAgingView.vue,70,vue
core,application_or_library,cp6.web/src/views/fin/ArInvoiceView.vue,206,vue
core,application_or_library,cp6.web/src/views/fin/AssetCardView.vue,183,vue
core,application_or_library,cp6.web/src/views/fin/AssetCategoryView.vue,150,vue
core,application_or_library,cp6.web/src/views/fin/AssetDepreciationView.vue,124,vue
core,application_or_library,cp6.web/src/views/fin/AssetDisposalView.vue,165,vue
core,application_or_library,cp6.web/src/views/fin/BalanceSheetView.vue,110,vue
core,application_or_library,cp6.web/src/views/fin/BankImportProfileView.vue,270,vue
core,application_or_library,cp6.web/src/views/fin/BankReconciliationView.vue,422,vue
core,application_or_library,cp6.web/src/views/fin/BankStatementView.vue,472,vue
core,application_or_library,cp6.web/src/views/fin/BudgetEditView.vue,1004,vue
core,application_or_library,cp6.web/src/views/fin/BudgetVsActualView.vue,459,vue
core,application_or_library,cp6.web/src/views/fin/CostSheetView.vue,216,vue
core,application_or_library,cp6.web/src/views/fin/GlAccountView.vue,202,vue
core,application_or_library,cp6.web/src/views/fin/IncomeStatementView.vue,116,vue
core,application_or_library,cp6.web/src/views/fin/JournalEntryView.vue,250,vue
core,application_or_library,cp6.web/src/views/fin/PaymentView.vue,227,vue
core,application_or_library,cp6.web/src/views/fin/PeriodCloseView.vue,112,vue
core,application_or_library,cp6.web/src/views/fin/ReceiptView.vue,257,vue
core,application_or_library,cp6.web/src/views/fin/TrialBalanceView.vue,109,vue
core,application_or_library,cp6.web/src/views/mes/ControlTowerView.vue,410,vue
core,application_or_library,cp6.web/src/views/mes/DefectManagementView.vue,377,vue
core,application_or_library,cp6.web/src/views/mes/MachineListView.vue,394,vue
core,application_or_library,cp6.web/src/views/mes/MesDashboardView.vue,411,vue
core,application_or_library,cp6.web/src/views/mes/OeeAnalysisView.vue,283,vue
core,application_or_library,cp6.web/src/views/mes/PlanAchievementView.vue,377,vue
core,application_or_library,cp6.web/src/views/mes/PlanningBoardView.vue,514,vue
core,application_or_library,cp6.web/src/views/mes/ProcessCostRateView.vue,135,vue
core,application_or_library,cp6.web/src/views/mes/ProductionResultEntryView.vue,277,vue
core,application_or_library,cp6.web/src/views/mes/ProductionResultListView.vue,174,vue
core,application_or_library,cp6.web/src/views/mes/QualityInspectionEntryView.vue,403,vue
core,application_or_library,cp6.web/src/views/mes/QualityInspectionListView.vue,198,vue
core,application_or_library,cp6.web/src/views/mes/WorkCenterView.vue,129,vue
core,application_or_library,cp6.web/src/views/mes/WorkOrderEntryView.vue,245,vue
core,application_or_library,cp6.web/src/views/mes/WorkOrderListView.vue,275,vue
core,application_or_library,cp6.web/src/views/mes/work-order/steps/WoStep1BasicInfo.vue,144,vue
core,application_or_library,cp6.web/src/views/mes/work-order/steps/WoStep2ProcessPlan.vue,132,vue
core,application_or_library,cp6.web/src/views/mes/work-order/steps/WoStep3MaterialConfirm.vue,112,vue
core,application_or_library,cp6.web/src/views/oa/admin/ApproverMapView.vue,89,vue
core,application_or_library,cp6.web/src/views/oa/admin/BatchTransferDialog.vue,242,vue
core,application_or_library,cp6.web/src/views/oa/admin/FlowAdmin.vue,118,vue
core,application_or_library,cp6.web/src/views/oa/admin/FlowTriggerDialog.vue,146,vue
core,application_or_library,cp6.web/src/views/oa/admin/FlowTriggerPanel.vue,154,vue
core,application_or_library,cp6.web/src/views/oa/admin/WfConnectorDialog.vue,101,vue
core,application_or_library,cp6.web/src/views/oa/admin/WfConnectorPanel.vue,82,vue
core,application_or_library,cp6.web/src/views/oa/admin/WorkCalendar.vue,159,vue
core,application_or_library,cp6.web/src/views/oa/catalog/FormCatalog.vue,210,vue
core,application_or_library,cp6.web/src/views/oa/catalog/FormInitiate.vue,223,vue
core,application_or_library,cp6.web/src/views/oa/designer/DesignerCanvas.vue,916,vue
core,application_or_library,cp6.web/src/views/oa/designer/DesignerView.vue,507,vue
core,application_or_library,cp6.web/src/views/oa/designer/EdgePropertyPanel.vue,171,vue
core,application_or_library,cp6.web/src/views/oa/designer/FlowDesignEdgeInspector.vue,387,vue
core,application_or_library,cp6.web/src/views/oa/designer/FlowDesignInspector.vue,430,vue
core,application_or_library,cp6.web/src/views/oa/designer/FlowDesignPreviewCanvas.vue,1386,vue
core,application_or_library,cp6.web/src/views/oa/designer/FlowDesignVariantsView.vue,1102,vue
core,application_or_library,cp6.web/src/views/oa/designer/NodePropertyPanel.vue,1091,vue
core,application_or_library,cp6.web/src/views/oa/designer/nodes/ApprovalNode.vue,48,vue
core,application_or_library,cp6.web/src/views/oa/designer/nodes/EndNode.vue,34,vue
core,application_or_library,cp6.web/src/views/oa/designer/nodes/FourWayHandles.vue,20,vue
core,application_or_library,cp6.web/src/views/oa/designer/nodes/GatewayNode.vue,50,vue
core,application_or_library,cp6.web/src/views/oa/designer/nodes/InclusiveGatewayNode.vue,61,vue
core,application_or_library,cp6.web/src/views/oa/designer/nodes/ServiceTaskNode.vue,90,vue
core,application_or_library,cp6.web/src/views/oa/designer/nodes/StartNode.vue,34,vue
core,application_or_library,cp6.web/src/views/oa/designer/nodes/SubFlowNode.vue,85,vue
core,application_or_library,cp6.web/src/views/oa/inbox/FlowTimeline.vue,200,vue
core,application_or_library,cp6.web/src/views/oa/inbox/FormDetail.vue,384,vue
core,application_or_library,cp6.web/src/views/oa/inbox/InboxDashboard.vue,155,vue
core,application_or_library,cp6.web/src/views/oa/inbox/InboxDone.vue,209,vue
core,application_or_library,cp6.web/src/views/oa/inbox/InboxDraft.vue,168,vue
core,application_or_library,cp6.web/src/views/oa/inbox/InboxPending.vue,392,vue
core,application_or_library,cp6.web/src/views/oa/inbox/InboxRunning.vue,145,vue
core,application_or_library,cp6.web/src/views/oa/inbox/InboxView.vue,369,vue
core,application_or_library,cp6.web/src/views/oa/inbox/SendBackDialog.vue,122,vue
core,application_or_library,cp6.web/src/views/oa/inbox/TransferDialog.vue,122,vue
core,application_or_library,cp6.web/src/views/oa/notification/NotificationBell.vue,306,vue
core,application_or_library,cp6.web/src/views/oa/query/FormQuery.vue,324,vue
core,application_or_library,cp6.web/src/views/oa/settings/InboxSettings.vue,377,vue
core,application_or_library,cp6.web/src/views/plan/ItemPolicyView.vue,152,vue
core,application_or_library,cp6.web/src/views/plan/MrpBoardView.vue,158,vue
core,application_or_library,cp6.web/src/views/platform/CrossTenantAuditView.vue,143,vue
core,application_or_library,cp6.web/src/views/platform/GdprView.vue,165,vue
core,application_or_library,cp6.web/src/views/platform/ImpersonationView.vue,122,vue
core,application_or_library,cp6.web/src/views/platform/PlatformAdminView.vue,121,vue
core,application_or_library,cp6.web/src/views/platform/TenantListView.vue,355,vue
core,application_or_library,cp6.web/src/views/pms/AboutView.vue,15,vue
core,application_or_library,cp6.web/src/views/pms/ChangePasswordView.vue,141,vue
core,application_or_library,cp6.web/src/views/pms/CodeGenView.vue,111,vue
core,application_or_library,cp6.web/src/views/pms/DataScopeView.vue,117,vue
core,application_or_library,cp6.web/src/views/pms/DeptTreeView.vue,184,vue
core,application_or_library,cp6.web/src/views/pms/DictView.vue,73,vue
core,application_or_library,cp6.web/src/views/pms/FieldAuditView.vue,345,vue
core,application_or_library,cp6.web/src/views/pms/FieldPermView.vue,103,vue
core,application_or_library,cp6.web/src/views/pms/LangView.vue,85,vue
core,application_or_library,cp6.web/src/views/pms/MenuDesignVariantsView.vue,819,vue
core,application_or_library,cp6.web/src/views/pms/MenuView.vue,1551,vue
core,application_or_library,cp6.web/src/views/pms/OperLogView.vue,136,vue
core,application_or_library,cp6.web/src/views/pms/PermissionView.vue,89,vue
core,application_or_library,cp6.web/src/views/pms/RolePermView.vue,137,vue
core,application_or_library,cp6.web/src/views/pms/RoleView.vue,24,vue
core,application_or_library,cp6.web/src/views/pms/SecurityLogView.vue,171,vue
core,application_or_library,cp6.web/src/views/pms/SeqView.vue,47,vue
core,application_or_library,cp6.web/src/views/pms/SsoConfigView.vue,162,vue
core,application_or_library,cp6.web/src/views/pms/SsoLandingView.vue,87,vue
core,application_or_library,cp6.web/src/views/pms/TwoFactorChallengeView.vue,179,vue
core,application_or_library,cp6.web/src/views/pms/TwoFactorEnrollView.vue,159,vue
core,application_or_library,cp6.web/src/views/pms/TwoFactorSettingsView.vue,319,vue
core,application_or_library,cp6.web/src/views/pms/UserView.vue,109,vue
core,application_or_library,cp6.web/src/views/pur/GoodsReceiptView.vue,208,vue
core,application_or_library,cp6.web/src/views/pur/PrView.vue,272,vue
core,application_or_library,cp6.web/src/views/pur/PurReconcileView.vue,101,vue
core,application_or_library,cp6.web/src/views/pur/PurchaseOrderView.vue,217,vue
core,application_or_library,cp6.web/src/views/pur/RfqView.vue,305,vue
core,application_or_library,cp6.web/src/views/pur/SubcontractView.vue,298,vue
core,application_or_library,cp6.web/src/views/pur/SupplierPriceView.vue,159,vue
core,application_or_library,cp6.web/src/views/pur/ThreeWayMatchView.vue,233,vue
core,application_or_library,cp6.web/src/views/space/SpaceHomeView.vue,140,vue
core,application_or_library,cp6.web/src/views/space/admin/SpaceAiAdminView.vue,422,vue
core,application_or_library,cp6.web/src/views/space/control-tower/ControlTowerLandingView.vue,88,vue
core,application_or_library,cp6.web/src/views/space/control-tower/SpaceControlTowerView.vue,459,vue
core,application_or_library,cp6.web/src/views/space/editor/DesignUnderlayView.vue,4596,vue
core,application_or_library,cp6.web/src/views/space/editor/FloorEditor.vue,1062,vue
core,application_or_library,cp6.web/src/views/space/editor/SpaceDesignStartView.vue,737,vue
core,application_or_library,cp6.web/src/views/space/editor/panels/BindCodesDialog.vue,334,vue
core,application_or_library,cp6.web/src/views/space/editor/panels/ConnectorPanel.vue,291,vue
core,application_or_library,cp6.web/src/views/space/editor/panels/PropertiesPanel.vue,379,vue
core,application_or_library,cp6.web/src/views/space/editor/panels/TemplatePanel.vue,194,vue
core,application_or_library,cp6.web/src/views/space/lifecycle/SegmentsEditor.vue,163,vue
core,application_or_library,cp6.web/src/views/space/lifecycle/SpaceCodeRuleView.vue,362,vue
core,application_or_library,cp6.web/src/views/space/lifecycle/SpaceEventsView.vue,123,vue
core,application_or_library,cp6.web/src/views/space/lifecycle/SpacePublishManagementView.vue,729,vue
core,application_or_library,cp6.web/src/views/space/lifecycle/SpacePublishView.vue,388,vue
core,application_or_library,cp6.web/src/views/space/master/SpaceFloorView.vue,176,vue
core,application_or_library,cp6.web/src/views/space/master/SpaceSiteView.vue,165,vue
core,application_or_library,cp6.web/src/views/space/planning/PlanningComparisonPanel.vue,564,vue
core,application_or_library,cp6.web/src/views/space/planning/PlanningHistoricalDatasetPanel.vue,295,vue
core,application_or_library,cp6.web/src/views/space/planning/PlanningScenarioPanel.vue,315,vue
core,application_or_library,cp6.web/src/views/space/planning/PlanningSimulationPanel.vue,426,vue
core,application_or_library,cp6.web/src/views/space/planning/SpacePlanningScenarioView.vue,66,vue
core,application_or_library,cp6.web/src/views/space/stacked/StackedViewer.vue,354,vue
core,application_or_library,cp6.web/src/views/space/viewer/AdvancedPanel.vue,264,vue
core,application_or_library,cp6.web/src/views/space/viewer/DispatchRecommendationPanel.vue,770,vue
core,application_or_library,cp6.web/src/views/space/viewer/FloorList.vue,139,vue
core,application_or_library,cp6.web/src/views/space/viewer/FloorViewer.vue,1667,vue
core,application_or_library,cp6.web/src/views/space/viewer/InfoCard.vue,140,vue
core,application_or_library,cp6.web/src/views/space/viewer/InventoryLocateResults.vue,186,vue
core,application_or_library,cp6.web/src/views/space/viewer/InventorySpatialFilter.vue,199,vue
core,application_or_library,cp6.web/src/views/space/viewer/OperationsDiagnosticPanel.vue,309,vue
core,application_or_library,cp6.web/src/views/space/viewer/PutawayRecommendationPanel.vue,335,vue
core,application_or_library,cp6.web/src/views/space/viewer/SearchBox.vue,204,vue
core,application_or_library,cp6.web/src/views/space/viewer/StockLegend.vue,142,vue
core,application_or_library,cp6.web/src/views/space/viewer/WarehouseOverviewPanel.vue,269,vue
core,application_or_library,cp6.web/src/views/wf/DynamicForm.vue,296,vue
core,application_or_library,cp6.web/src/views/wf/FlowTrace.vue,75,vue
core,application_or_library,cp6.web/src/views/wf/MyApplications.vue,124,vue
core,application_or_library,cp6.web/src/views/wf/TodoCenter.vue,166,vue
core,application_or_library,cp6.web/src/views/wf/designer/FlowDesigner.vue,345,vue
core,application_or_library,cp6.web/src/views/wf/designer/FormDesigner.vue,371,vue
core,application_or_library,cp6.web/src/views/wms/BridgeHealthView.vue,241,vue
core,application_or_library,cp6.web/src/views/wms/CarrierView.vue,277,vue
core,application_or_library,cp6.web/src/views/wms/CrossDockView.vue,191,vue
core,application_or_library,cp6.web/src/views/wms/ExpiryView.vue,134,vue
core,application_or_library,cp6.web/src/views/wms/InboundOrderListView.vue,118,vue
core,application_or_library,cp6.web/src/views/wms/InboundOrderView.vue,223,vue
core,application_or_library,cp6.web/src/views/wms/InboundReceiptView.vue,196,vue
core,application_or_library,cp6.web/src/views/wms/InkLotView.vue,344,vue
core,application_or_library,cp6.web/src/views/wms/IotMonitorView.vue,255,vue
core,application_or_library,cp6.web/src/views/wms/KitView.vue,448,vue
core,application_or_library,cp6.web/src/views/wms/LocationListView.vue,232,vue
core,application_or_library,cp6.web/src/views/wms/LotTraceView.vue,179,vue
core,application_or_library,cp6.web/src/views/wms/MaterialShortageView.vue,230,vue
core,application_or_library,cp6.web/src/views/wms/MobileTaskView.vue,343,vue
core,application_or_library,cp6.web/src/views/wms/OutboundOrderListView.vue,189,vue
core,application_or_library,cp6.web/src/views/wms/OutboundOrderView.vue,306,vue
core,application_or_library,cp6.web/src/views/wms/OutboundRoutingView.vue,289,vue
core,application_or_library,cp6.web/src/views/wms/PackingShipView.vue,266,vue
core,application_or_library,cp6.web/src/views/wms/PalletView.vue,252,vue
core,application_or_library,cp6.web/src/views/wms/PaperRollView.vue,270,vue
core,application_or_library,cp6.web/src/views/wms/PickingWorkView.vue,308,vue
core,application_or_library,cp6.web/src/views/wms/PlateMoldView.vue,318,vue
core,application_or_library,cp6.web/src/views/wms/ProductionInboundView.vue,220,vue
core,application_or_library,cp6.web/src/views/wms/QcInspectionView.vue,314,vue
core,application_or_library,cp6.web/src/views/wms/RemnantView.vue,282,vue
core,application_or_library,cp6.web/src/views/wms/ReplenishView.vue,264,vue
core,application_or_library,cp6.web/src/views/wms/ReportCenterView.vue,252,vue
core,application_or_library,cp6.web/src/views/wms/RmaView.vue,326,vue
core,application_or_library,cp6.web/src/views/wms/SampleStockView.vue,250,vue
core,application_or_library,cp6.web/src/views/wms/SlottingView.vue,252,vue
core,application_or_library,cp6.web/src/views/wms/StockDwellView.vue,459,vue
core,application_or_library,cp6.web/src/views/wms/StockQueryView.vue,248,vue
core,application_or_library,cp6.web/src/views/wms/StockTakeListView.vue,180,vue
core,application_or_library,cp6.web/src/views/wms/StockTakeView.vue,244,vue
core,application_or_library,cp6.web/src/views/wms/VmiView.vue,245,vue
core,application_or_library,cp6.web/src/views/wms/WarehouseListView.vue,175,vue
core,application_or_library,cp6.web/src/views/wms/WcsTaskView.vue,261,vue
core,application_or_library,cp6.web/src/views/wms/WmsDashboardView.vue,315,vue
core,application_or_library,cp6.web/src/views/wms/WmsPlaceholderView.vue,79,vue
core,application_or_library,cp6.web/src/views/wms/WmsProductionConsole.vue,656,vue
core,application_or_library,cp6.web/src/views/wms/WmsSerialLpnDialogs.vue,401,vue
core,reference,docs/file/CPXWEB/msbb-web/src/App.vue,30,vue
core,reference,docs/file/CPXWEB/msbb-web/src/components/MainLayout.vue,94,vue
core,reference,docs/file/CPXWEB/msbb-web/src/views/DashboardView.vue,16,vue
core,reference,docs/file/CPXWEB/msbb-web/src/views/NotFound.vue,15,vue
core,reference,docs/file/CPXWEB/msbb-web/src/views/estimate/MSBBPA010.vue,25,vue
core,reference,docs/file/CPXWEB/msbb-web/src/views/estimate/MSBBPA020.vue,6,vue
core,reference,docs/file/CPXWEB/msbb-web/src/views/master/MSBBPA050.vue,6,vue
core,reference,docs/file/CPXWEB/msbb-web/src/views/master/MSBBPA060.vue,6,vue
core,reference,docs/file/CPXWEB/msbb-web/src/views/master/MSBBPA110.vue,6,vue
core,reference,docs/file/CPXWEB/msbb-web/src/views/master/MSBBPA120.vue,6,vue
core,reference,docs/file/CPXWEB/msbb-web/src/views/master/MSBBPA130.vue,6,vue
core,reference,docs/file/CPXWEB/msbb-web/src/views/master/MSBBPA140.vue,6,vue
core,reference,docs/file/CPXWEB/msbb-web/src/views/master/MSBBPA150.vue,6,vue
core,reference,docs/file/CPXWEB/msbb-web/src/views/order/MSBBPA070.vue,6,vue
core,reference,docs/file/CPXWEB/msbb-web/src/views/order/MSBBPA080.vue,6,vue
core,reference,docs/file/CPXWEB/msbb-web/src/views/order/MSBBPA090.vue,6,vue
core,reference,docs/file/CPXWEB/msbb-web/src/views/quote/MSBBPA030.vue,6,vue
core,reference,docs/file/CPXWEB/msbb-web/src/views/quote/MSBBPA040.vue,6,vue
core,reference,docs/file/CPXWEB/msbb-web/src/views/report/MSBBPA100.vue,6,vue
