kind,route,component,line
viewModules,/dashboard,cp6.web/src/views/dashboard/DashboardView.vue,8
viewModules,/role,cp6.web/src/views/pms/RoleView.vue,10
viewModules,/menu,cp6.web/src/views/pms/MenuView.vue,11
viewModules,/permission,cp6.web/src/views/pms/PermissionView.vue,12
viewModules,/user,cp6.web/src/views/pms/UserView.vue,13
viewModules,/lang,cp6.web/src/views/pms/LangView.vue,14
viewModules,/dict,cp6.web/src/views/pms/DictView.vue,15
viewModules,/operlog,cp6.web/src/views/pms/OperLogView.vue,16
viewModules,/sys/security-log,cp6.web/src/views/pms/SecurityLogView.vue,17
viewModules,/sys/sso-config,cp6.web/src/views/pms/SsoConfigView.vue,18
viewModules,/sys/2fa-settings,cp6.web/src/views/pms/TwoFactorSettingsView.vue,19
viewModules,/sys/field-audit,cp6.web/src/views/pms/FieldAuditView.vue,20
viewModules,/platform/tenant,cp6.web/src/views/platform/TenantListView.vue,22
viewModules,/platform/admin,cp6.web/src/views/platform/PlatformAdminView.vue,23
viewModules,/platform/impersonation,cp6.web/src/views/platform/ImpersonationView.vue,24
viewModules,/platform/audit,cp6.web/src/views/platform/CrossTenantAuditView.vue,25
viewModules,/platform/gdpr,cp6.web/src/views/platform/GdprView.vue,26
viewModules,/pub/dept,cp6.web/src/views/pms/DeptTreeView.vue,27
viewModules,/pub/role-perm,cp6.web/src/views/pms/RolePermView.vue,28
viewModules,/pub/data-scope,cp6.web/src/views/pms/DataScopeView.vue,29
viewModules,/pub/field-perm,cp6.web/src/views/pms/FieldPermView.vue,30
viewModules,/pub/seq,cp6.web/src/views/pms/SeqView.vue,31
viewModules,/pub/codegen,cp6.web/src/views/pms/CodeGenView.vue,32
viewModules,/oa/inbox,cp6.web/src/views/oa/inbox/InboxView.vue,34
viewModules,/oa/flow-admin,cp6.web/src/views/oa/admin/FlowAdmin.vue,35
viewModules,/oa/form-catalog,cp6.web/src/views/oa/catalog/FormCatalog.vue,37
viewModules,/oa/form-search,cp6.web/src/views/oa/query/FormQuery.vue,38
viewModules,/oa/settings,cp6.web/src/views/oa/settings/InboxSettings.vue,39
viewModules,/oa/designer,cp6.web/src/views/oa/designer/DesignerView.vue,41
viewModules,/oa/approver-map,cp6.web/src/views/oa/admin/ApproverMapView.vue,43
viewModules,/oa/work-calendar,cp6.web/src/views/oa/admin/WorkCalendar.vue,44
viewModules,/oa/form-initiate,cp6.web/src/views/oa/catalog/FormInitiate.vue,46
viewModules,/wf/form-designer,cp6.web/src/views/wf/designer/FormDesigner.vue,48
viewModules,/wf/flow-designer,cp6.web/src/views/wf/designer/FlowDesigner.vue,49
viewModules,/fin/account,cp6.web/src/views/fin/GlAccountView.vue,51
viewModules,/fin/journal,cp6.web/src/views/fin/JournalEntryView.vue,52
viewModules,/fin/trial-balance,cp6.web/src/views/fin/TrialBalanceView.vue,53
viewModules,/fin/period,cp6.web/src/views/fin/PeriodCloseView.vue,54
viewModules,/fin/ap-invoice,cp6.web/src/views/fin/ApInvoiceView.vue,55
viewModules,/fin/ap-payment,cp6.web/src/views/fin/PaymentView.vue,56
viewModules,/fin/ap-aging,cp6.web/src/views/fin/ApAgingView.vue,57
viewModules,/fin/ar-invoice,cp6.web/src/views/fin/ArInvoiceView.vue,58
viewModules,/fin/ar-receipt,cp6.web/src/views/fin/ReceiptView.vue,59
viewModules,/fin/ar-aging,cp6.web/src/views/fin/ArAgingView.vue,60
viewModules,/fin/balance-sheet,cp6.web/src/views/fin/BalanceSheetView.vue,61
viewModules,/fin/income-statement,cp6.web/src/views/fin/IncomeStatementView.vue,62
viewModules,/fin/cost,cp6.web/src/views/fin/CostSheetView.vue,63
viewModules,/fin/asset-category,cp6.web/src/views/fin/AssetCategoryView.vue,64
viewModules,/fin/asset-card,cp6.web/src/views/fin/AssetCardView.vue,65
viewModules,/fin/asset-deprec,cp6.web/src/views/fin/AssetDepreciationView.vue,66
viewModules,/fin/asset-disposal,cp6.web/src/views/fin/AssetDisposalView.vue,67
viewModules,/fin/bank-reconciliation,cp6.web/src/views/fin/BankReconciliationView.vue,68
viewModules,/fin/bank-statement,cp6.web/src/views/fin/BankStatementView.vue,69
viewModules,/fin/bank-import-profile,cp6.web/src/views/fin/BankImportProfileView.vue,70
viewModules,/fin/budget,cp6.web/src/views/fin/BudgetEditView.vue,71
viewModules,/fin/budget/vs-actual,cp6.web/src/views/fin/BudgetVsActualView.vue,72
viewModules,/pur/supplier-price,cp6.web/src/views/pur/SupplierPriceView.vue,74
viewModules,/pur/po,cp6.web/src/views/pur/PurchaseOrderView.vue,75
viewModules,/pur/gr,cp6.web/src/views/pur/GoodsReceiptView.vue,76
viewModules,/pur/match,cp6.web/src/views/pur/ThreeWayMatchView.vue,77
viewModules,/pur/rfq,cp6.web/src/views/pur/RfqView.vue,78
viewModules,/pur/pr,cp6.web/src/views/pur/PrView.vue,79
viewModules,/pur/subcontract,cp6.web/src/views/pur/SubcontractView.vue,80
viewModules,/pur/reconcile,cp6.web/src/views/pur/PurReconcileView.vue,81
viewModules,/plan/mrp,cp6.web/src/views/plan/MrpBoardView.vue,83
viewModules,/plan/item-policy,cp6.web/src/views/plan/ItemPolicyView.vue,84
viewModules,/estimate-calc,cp6.web/src/views/erp/EstimateCalcView.vue,86
viewModules,/estimate-calc-list,cp6.web/src/views/erp/EstimateCalcListView.vue,87
viewModules,/quotation,cp6.web/src/views/erp/QuotationView.vue,88
viewModules,/quotation-list,cp6.web/src/views/erp/QuotationListView.vue,89
viewModules,/product,cp6.web/src/views/erp/ProductMasterView.vue,90
viewModules,/product-list,cp6.web/src/views/erp/ProductMasterListView.vue,91
viewModules,/order,cp6.web/src/views/erp/OrderEntryView.vue,92
viewModules,/order-list,cp6.web/src/views/erp/OrderListView.vue,93
viewModules,/order-price-correction,cp6.web/src/views/erp/OrderPriceCorrectionView.vue,94
viewModules,/erp/order-trace,cp6.web/src/views/erp/OrderTraceView.vue,95
viewModules,/erp/credit-note,cp6.web/src/views/erp/CreditNoteListView.vue,96
viewModules,/erp/backorder,cp6.web/src/views/erp/BackorderListView.vue,97
viewModules,/erp/otd-report,cp6.web/src/views/erp/OtdReportView.vue,98
viewModules,/erp/fx-rate,cp6.web/src/views/erp/FxRateView.vue,99
viewModules,/business-partner,cp6.web/src/views/erp/BusinessPartnerView.vue,100
viewModules,/business-partner-list,cp6.web/src/views/erp/BusinessPartnerListView.vue,101
viewModules,/fsc-checklist,cp6.web/src/views/erp/FscChecklistView.vue,102
viewModules,/sheet-unit-price,cp6.web/src/views/erp/SheetUnitPriceView.vue,103
viewModules,/plate-mold,cp6.web/src/views/erp/PlateMoldView.vue,104
viewModules,/plate-mold-list,cp6.web/src/views/erp/PlateMoldListView.vue,105
viewModules,/mes/work-center,cp6.web/src/views/mes/WorkCenterView.vue,107
viewModules,/mes/process-cost-rate,cp6.web/src/views/mes/ProcessCostRateView.vue,108
viewModules,/mes/work-order,cp6.web/src/views/mes/WorkOrderEntryView.vue,110
viewModules,/mes/work-order-list,cp6.web/src/views/mes/WorkOrderListView.vue,111
viewModules,/mes/production-result,cp6.web/src/views/mes/ProductionResultEntryView.vue,112
viewModules,/mes/production-result-list,cp6.web/src/views/mes/ProductionResultListView.vue,113
viewModules,/mes/quality-inspection,cp6.web/src/views/mes/QualityInspectionEntryView.vue,115
viewModules,/mes/quality-inspection-list,cp6.web/src/views/mes/QualityInspectionListView.vue,116
viewModules,/mes/defect,cp6.web/src/views/mes/DefectManagementView.vue,117
viewModules,/mes/planning-board,cp6.web/src/views/mes/PlanningBoardView.vue,119
viewModules,/mes/dashboard,cp6.web/src/views/mes/MesDashboardView.vue,120
viewModules,/mes/machine-list,cp6.web/src/views/mes/MachineListView.vue,122
viewModules,/mes/oee,cp6.web/src/views/mes/OeeAnalysisView.vue,123
viewModules,/mes/plan-achievement,cp6.web/src/views/mes/PlanAchievementView.vue,124
viewModules,/mes/control-tower,cp6.web/src/views/mes/ControlTowerView.vue,126
viewModules,/wms/warehouse,cp6.web/src/views/wms/WarehouseListView.vue,128
viewModules,/wms/stock,cp6.web/src/views/wms/StockQueryView.vue,129
viewModules,/wms/inbound-order-list,cp6.web/src/views/wms/InboundOrderListView.vue,131
viewModules,/wms/inbound-order,cp6.web/src/views/wms/InboundOrderView.vue,132
viewModules,/wms/inbound-receipt,cp6.web/src/views/wms/InboundReceiptView.vue,133
viewModules,/wms/outbound-order-list,cp6.web/src/views/wms/OutboundOrderListView.vue,135
viewModules,/wms/outbound-order,cp6.web/src/views/wms/OutboundOrderView.vue,136
viewModules,/wms/stock-take-list,cp6.web/src/views/wms/StockTakeListView.vue,138
viewModules,/wms/stock-take,cp6.web/src/views/wms/StockTakeView.vue,139
viewModules,/wms/dashboard,cp6.web/src/views/wms/WmsDashboardView.vue,140
viewModules,/wms/bridge-health,cp6.web/src/views/wms/BridgeHealthView.vue,141
viewModules,/wms/material-shortage,cp6.web/src/views/wms/MaterialShortageView.vue,142
viewModules,/wms/stock-dwell,cp6.web/src/views/wms/StockDwellView.vue,143
viewModules,/wms/outbound-routing,cp6.web/src/views/wms/OutboundRoutingView.vue,144
viewModules,/wms/location,cp6.web/src/views/wms/LocationListView.vue,146
viewModules,/wms/product-inbound,cp6.web/src/views/wms/ProductionInboundView.vue,148
viewModules,/wms/shipping-order-list,cp6.web/src/views/wms/OutboundOrderListView.vue,149
viewModules,/wms/shipping-order,cp6.web/src/views/wms/OutboundOrderView.vue,150
viewModules,/wms/picking,cp6.web/src/views/wms/PickingWorkView.vue,151
viewModules,/wms/packaging,cp6.web/src/views/wms/PackingShipView.vue,152
viewModules,/wms/inspection,cp6.web/src/views/wms/QcInspectionView.vue,154
viewModules,/wms/rma,cp6.web/src/views/wms/RmaView.vue,155
viewModules,/wms/expiry,cp6.web/src/views/wms/ExpiryView.vue,156
viewModules,/wms/lot-trace,cp6.web/src/views/wms/LotTraceView.vue,157
viewModules,/wms/kit,cp6.web/src/views/wms/KitView.vue,158
viewModules,/wms/slotting,cp6.web/src/views/wms/SlottingView.vue,159
viewModules,/wms/replenish,cp6.web/src/views/wms/ReplenishView.vue,160
viewModules,/wms/cross-dock,cp6.web/src/views/wms/CrossDockView.vue,161
viewModules,/wms/paper-roll,cp6.web/src/views/wms/PaperRollView.vue,163
viewModules,/wms/remnant,cp6.web/src/views/wms/RemnantView.vue,164
viewModules,/wms/plate-mold-stock,cp6.web/src/views/wms/PlateMoldView.vue,165
viewModules,/wms/ink-lot,cp6.web/src/views/wms/InkLotView.vue,166
viewModules,/wms/pallet,cp6.web/src/views/wms/PalletView.vue,167
viewModules,/wms/vmi,cp6.web/src/views/wms/VmiView.vue,168
viewModules,/wms/sample-stock,cp6.web/src/views/wms/SampleStockView.vue,169
viewModules,/wms/mobile-task,cp6.web/src/views/wms/MobileTaskView.vue,171
viewModules,/wms/wcs-task,cp6.web/src/views/wms/WcsTaskView.vue,172
viewModules,/wms/carrier,cp6.web/src/views/wms/CarrierView.vue,173
viewModules,/wms/iot-monitor,cp6.web/src/views/wms/IotMonitorView.vue,174
viewModules,/wms/report-center,cp6.web/src/views/wms/ReportCenterView.vue,176
viewModules,/space/home,cp6.web/src/views/space/SpaceHomeView.vue,178
viewModules,/space/control-tower,cp6.web/src/views/space/control-tower/ControlTowerLandingView.vue,179
viewModules,/space/site,cp6.web/src/views/space/master/SpaceSiteView.vue,180
viewModules,/space/floor,cp6.web/src/views/space/master/SpaceFloorView.vue,181
viewModules,/space/code-rule,cp6.web/src/views/space/lifecycle/SpaceCodeRuleView.vue,183
viewModules,/space/publish,cp6.web/src/views/space/lifecycle/SpacePublishManagementView.vue,184
viewModules,/space/location-publish,cp6.web/src/views/space/lifecycle/SpacePublishView.vue,185
viewModules,/space/events,cp6.web/src/views/space/lifecycle/SpaceEventsView.vue,186
viewModules,/space/ai-admin,cp6.web/src/views/space/admin/SpaceAiAdminView.vue,187
viewModules,/space/planning,cp6.web/src/views/space/planning/SpacePlanningScenarioView.vue,188
static_or_layout,/login,cp6.web/src/views/LoginView.vue,197
static_or_layout,/sys/change-password,cp6.web/src/views/pms/ChangePasswordView.vue,204
static_or_layout,/sso/landing,cp6.web/src/views/pms/SsoLandingView.vue,212
static_or_layout,/sys/2fa-challenge,cp6.web/src/views/pms/TwoFactorChallengeView.vue,221
static_or_layout,/sys/2fa-enroll,cp6.web/src/views/pms/TwoFactorEnrollView.vue,227
static_or_layout,/estimate-calc/window,cp6.web/src/views/erp/EstimateCalcView.vue,234
static_or_layout,/quotation/window,cp6.web/src/views/erp/QuotationView.vue,240
static_or_layout,/product/window,cp6.web/src/views/erp/ProductMasterView.vue,246
static_or_layout,/order/window,cp6.web/src/views/erp/OrderEntryView.vue,252
static_or_layout,/business-partner/window,cp6.web/src/views/erp/BusinessPartnerView.vue,258
static_or_layout,/oa/designer/window,cp6.web/src/views/DetachedWorkspaceView.vue,264
static_or_layout,/wf/form-designer/window,cp6.web/src/views/DetachedWorkspaceView.vue,276
static_or_layout,/wf/flow-designer/window,cp6.web/src/views/DetachedWorkspaceView.vue,288
static_or_layout,/mes/control-tower/standalone,cp6.web/src/views/mes/ControlTowerView.vue,301
static_or_layout,/space/editor/:floorId,cp6.web/src/views/space/editor/FloorEditor.vue,308
static_or_layout,/space/design/sites/:siteId/start,cp6.web/src/views/space/editor/SpaceDesignStartView.vue,315
static_or_layout,/space/design/:versionId/floors/:floorLogicalId/underlay,cp6.web/src/views/space/editor/DesignUnderlayView.vue,322
static_or_layout,/space/viewer/:siteId,cp6.web/src/views/space/viewer/FloorViewer.vue,330
static_or_layout,/space/stacked/:siteId,cp6.web/src/views/space/stacked/StackedViewer.vue,337
static_or_layout,/space/control-tower/:siteId,cp6.web/src/views/space/control-tower/SpaceControlTowerView.vue,343
static_or_layout,/menu-designs,cp6.web/src/views/pms/MenuDesignVariantsView.vue,349
static_or_layout,/flow-designs,cp6.web/src/views/oa/designer/FlowDesignVariantsView.vue,355
static_or_layout,/,cp6.web/src/views/LayoutView.vue,361
