编号,优先级,所属目标,原文件名或准确描述,期望字节数,期望SHA256,记录来源,来源字段,状态,找到后核对,历史检索路径,期望行数,补充来源,补充来源字段,本轮本地复核,本地路径
M04,优先找：当前指定独审,WMS-DEL-01,DEL_INDEPENDENT_R3_REVIEW_c30b6885.md,3461,4a30103ef981273ecd9e0d920d4b798e19ca1724850a34413c09a8b25b16621f,https://github.com/GTX537/CP6.AI-Handoff/blob/61238af1f4264e1c79693abd0b2a0ca9b1682354/handoffs/PLAN-REUSE-01B/documentation/MD02/acceptances/D-WMS/WMS-DEL-01/CURRENT.json,/IndependentFinalReview,2026-10-10仍未定位精确原件；身份线索补充不计恢复,文件名仅供检索，须按完整SHA256及适用字节数核原件；新生成说明/摘要不代原件,,,,,unlocated_after_full_physical_container_and_representation_index,
M06,随后找：历史来源/评审,FIN-AP-01,PublicationReceipt,93481,c361248131da8137e9b03f09d907d57394b6504dd54c319c4a310d92a567dd42,https://github.com/GTX537/CP6.AI-Handoff/blob/61238af1f4264e1c79693abd0b2a0ca9b1682354/handoffs/PLAN-REUSE-01B/documentation/MD02/acceptances/B-RFQ/FIN-AP-01/CURRENT.json,/PublicationReceipt,2026-10-10仍未定位精确原件；身份线索补充不计恢复,文件名仅供检索，须按完整SHA256及适用字节数核原件；新生成说明/摘要不代原件,,,,,unlocated_after_full_physical_container_and_representation_index,
M07,随后找：历史来源/评审,FIN-AR-01,receipt.json,27807,02101d9bd6e440e5f0d6d3bdc01f9ea0483cb0f2b8e8d993afccd9e2109538d6,https://github.com/GTX537/CP6.AI-Handoff/blob/61238af1f4264e1c79693abd0b2a0ca9b1682354/handoffs/PLAN-REUSE-01B/documentation/MD02/acceptances/A-CRM/FIN-AR-01/CURRENT.json,/PublicationReceipt,2026-10-10仍未定位精确原件；身份线索补充不计恢复,文件名仅供检索，须按完整SHA256及适用字节数核原件；新生成说明/摘要不代原件,/workspace/shared/cp6_lane_outputs/A_FIN_AR_R2_PUBLISHED/receipt.json,,,,unlocated_after_full_physical_container_and_representation_index,
M08,随后找：历史来源/评审,FIN-INV-01,D-FIN-INV-INDEPENDENT-SEMANTIC-REVIEW.md,16502,ad21f6f9fd1c8fc722f46d43d3071521f8f88fe41540b2aa0f6bca3d67ea742b,https://github.com/GTX537/CP6.AI-Handoff/blob/61238af1f4264e1c79693abd0b2a0ca9b1682354/handoffs/PLAN-REUSE-01B/documentation/MD02/acceptances/D-WMS/FIN-INV-01/CURRENT.json,/Review/Chain/0,2026-10-10仍未定位精确原件；身份线索补充不计恢复,文件名仅供检索，须按完整SHA256及适用字节数核原件；新生成说明/摘要不代原件,,151,https://github.com/GTX537/CP6.AI-Handoff/blob/f88258c33e9f062e36e84dc397cd47e06b5fbbfd/handoffs/PLAN-REUSE-01B/documentation/MD02/candidates/D-WMS/FIN-INV-01/R10/R10-SOURCE-MANIFEST.json,/Review,unlocated_after_full_physical_container_and_representation_index,
M09,随后找：历史来源/评审,FIN-INV-01,D-FIN-INV-R1-INDEPENDENT-SEMANTIC-REVIEW.md,14082,3aac2107cb9cfe7eec385fdde9fd50b2e41525639a10a2943c37ebc27c15b509,https://github.com/GTX537/CP6.AI-Handoff/blob/61238af1f4264e1c79693abd0b2a0ca9b1682354/handoffs/PLAN-REUSE-01B/documentation/MD02/acceptances/D-WMS/FIN-INV-01/CURRENT.json,/Review/Chain/1,2026-10-10仍未定位精确原件；身份线索补充不计恢复,文件名仅供检索，须按完整SHA256及适用字节数核原件；新生成说明/摘要不代原件,,131,https://github.com/GTX537/CP6.AI-Handoff/blob/f88258c33e9f062e36e84dc397cd47e06b5fbbfd/handoffs/PLAN-REUSE-01B/documentation/MD02/candidates/D-WMS/FIN-INV-01/R10/R10-SOURCE-MANIFEST.json,/R2Review,unlocated_after_full_physical_container_and_representation_index,
M10,随后找：历史来源/评审,FIN-INV-01,D-FIN-INV-R2-INDEPENDENT-SEMANTIC-REVIEW.md,13828,76f5c6f57f0074984bcdc5ebdcf41fc6d7e60b0d8f17ff374170cce0be8aff02,https://github.com/GTX537/CP6.AI-Handoff/blob/61238af1f4264e1c79693abd0b2a0ca9b1682354/handoffs/PLAN-REUSE-01B/documentation/MD02/acceptances/D-WMS/FIN-INV-01/CURRENT.json,/Review/Chain/2,2026-10-10仍未定位精确原件；身份线索补充不计恢复,文件名仅供检索，须按完整SHA256及适用字节数核原件；新生成说明/摘要不代原件,,86,https://github.com/GTX537/CP6.AI-Handoff/blob/f88258c33e9f062e36e84dc397cd47e06b5fbbfd/handoffs/PLAN-REUSE-01B/documentation/MD02/candidates/D-WMS/FIN-INV-01/R10/R10-SOURCE-MANIFEST.json,/R3Review,unlocated_after_full_physical_container_and_representation_index,
M11,随后找：历史来源/评审,FIN-INV-01,D-FIN-INV-R3-INDEPENDENT-SEMANTIC-REVIEW.md,10735,00c04911a229ff393425deb63bd25436a20375cc7bf5a2ce8c2a4b0adb48f6a2,https://github.com/GTX537/CP6.AI-Handoff/blob/61238af1f4264e1c79693abd0b2a0ca9b1682354/handoffs/PLAN-REUSE-01B/documentation/MD02/acceptances/D-WMS/FIN-INV-01/CURRENT.json,/Review/Chain/3,2026-10-10仍未定位精确原件；身份线索补充不计恢复,文件名仅供检索，须按完整SHA256及适用字节数核原件；新生成说明/摘要不代原件,,80,https://github.com/GTX537/CP6.AI-Handoff/blob/f88258c33e9f062e36e84dc397cd47e06b5fbbfd/handoffs/PLAN-REUSE-01B/documentation/MD02/candidates/D-WMS/FIN-INV-01/R10/R10-SOURCE-MANIFEST.json,/R4Review,unlocated_after_full_physical_container_and_representation_index,
M12,随后找：历史来源/评审,FIN-INV-01,FIN-INV R4 RETURN评审原文（源未给文件名）,,ac93418923b9c1326183d1b8a8bce1e853fc4fb511d5af0eb86e989e933cffa8,https://github.com/GTX537/CP6.AI-Handoff/blob/61238af1f4264e1c79693abd0b2a0ca9b1682354/handoffs/PLAN-REUSE-01B/documentation/MD02/acceptances/D-WMS/FIN-INV-01/CURRENT.json,/Review/Chain/4,2026-10-10仍未定位精确原件；身份线索补充不计恢复,文件名仅供检索，须按完整SHA256及适用字节数核原件；新生成说明/摘要不代原件,,,,,unlocated_after_full_physical_container_and_representation_index,
M13,随后找：历史来源/评审,FIN-INV-01,FIN-INV R5 RETURN评审原文（源未给文件名）,,9035a2490cf10e17cff0dd0fd9172dd8b43fb283145346f2148c2cd4d3c4b519,https://github.com/GTX537/CP6.AI-Handoff/blob/61238af1f4264e1c79693abd0b2a0ca9b1682354/handoffs/PLAN-REUSE-01B/documentation/MD02/acceptances/D-WMS/FIN-INV-01/CURRENT.json,/Review/Chain/5,2026-10-10仍未定位精确原件；身份线索补充不计恢复,文件名仅供检索，须按完整SHA256及适用字节数核原件；新生成说明/摘要不代原件,,,,,unlocated_after_full_physical_container_and_representation_index,
M14,随后找：历史来源/评审,FIN-INV-01,FIN-INV R6 RETURN评审原文（源未给文件名）,,1bd1d164ffc41b75ebb083bcac8d144a487706e19af7aec49991e3f1e4c44821,https://github.com/GTX537/CP6.AI-Handoff/blob/61238af1f4264e1c79693abd0b2a0ca9b1682354/handoffs/PLAN-REUSE-01B/documentation/MD02/acceptances/D-WMS/FIN-INV-01/CURRENT.json,/Review/Chain/6,2026-10-10仍未定位精确原件；身份线索补充不计恢复,文件名仅供检索，须按完整SHA256及适用字节数核原件；新生成说明/摘要不代原件,,,,,unlocated_after_full_physical_container_and_representation_index,
M15,随后找：历史来源/评审,FIN-INV-01,FIN-INV R7 RETURN评审原文（源未给文件名）,,2c0dcb08abc6e93d5aca12ce80418e93acaa2bb86d9400bf61547445153f755a,https://github.com/GTX537/CP6.AI-Handoff/blob/61238af1f4264e1c79693abd0b2a0ca9b1682354/handoffs/PLAN-REUSE-01B/documentation/MD02/acceptances/D-WMS/FIN-INV-01/CURRENT.json,/Review/Chain/7,2026-10-10仍未定位精确原件；身份线索补充不计恢复,文件名仅供检索，须按完整SHA256及适用字节数核原件；新生成说明/摘要不代原件,,,,,unlocated_after_full_physical_container_and_representation_index,
M16,随后找：历史来源/评审,FIN-INV-01,FIN-INV R8 RETURN评审原文（源未给文件名）,,95777ca5b6fe03eca876e32a91f8cb3bdaefcc91e4fc46ea3bf891a884d0a4b4,https://github.com/GTX537/CP6.AI-Handoff/blob/61238af1f4264e1c79693abd0b2a0ca9b1682354/handoffs/PLAN-REUSE-01B/documentation/MD02/acceptances/D-WMS/FIN-INV-01/CURRENT.json,/Review/Chain/8,2026-10-10仍未定位精确原件；身份线索补充不计恢复,文件名仅供检索，须按完整SHA256及适用字节数核原件；新生成说明/摘要不代原件,,,,,unlocated_after_full_physical_container_and_representation_index,
M17,随后找：历史来源/评审,QA-POL-01,QA-POL-01 历史首稿/R0（精确文件名未知；新增来源标签称v1.0）,893995,93d37d6893396126e7c1f120a5c9cb4b143dd16dae77ae19d0acb9d16627abeb,https://github.com/GTX537/CP6.AI-Handoff/blob/61238af1f4264e1c79693abd0b2a0ca9b1682354/handoffs/PLAN-REUSE-01B/documentation/MD02/acceptances/C-RES/QA-POL-01/CURRENT.json,/HistoricalOriginal,2026-10-10仍未定位精确原件；身份线索补充不计恢复,文件名仅供检索，须按完整SHA256及适用字节数核原件；新生成说明/摘要不代原件,,,,,unlocated_after_full_physical_container_and_representation_index,
M18,随后找：历史来源/评审,WMS-TRANSFER-01,WMS-TRANSFER-01 原v1主文（精确文件名未知）,3534917,3da2f8a0ccd2714c9fb10faea51889ab51bfd6431ff65c126636ccba419e0aeb,https://github.com/GTX537/CP6.AI-Handoff/blob/61238af1f4264e1c79693abd0b2a0ca9b1682354/handoffs/PLAN-REUSE-01B/documentation/MD02/acceptances/D-WMS/WMS-TRANSFER-01/CURRENT.json,/HistoricalOriginal,2026-10-10仍未定位精确原件；身份线索补充不计恢复,文件名仅供检索，须按完整SHA256及适用字节数核原件；新生成说明/摘要不代原件,,,,,unlocated_after_full_physical_container_and_representation_index,
M19,随后找：历史来源/评审,FIN-MASTER-01,INDEPENDENT-REVIEW_FIN-MASTER_v1.md,16990,141e20b2487ecca8e11dbabeb32aaba8a68a1fd03a3518bb189c1bc8df2ab30e,https://github.com/GTX537/CP6.AI-Handoff/blob/61238af1f4264e1c79693abd0b2a0ca9b1682354/handoffs/PLAN-REUSE-01B/documentation/MD02/acceptances/B-RFQ/FIN-MASTER-01/CURRENT.json,/IndependentReviewHistory/0,2026-10-10仍未定位精确原件；身份线索补充不计恢复,文件名仅供检索，须按完整SHA256及适用字节数核原件；新生成说明/摘要不代原件,,,,,unlocated_after_full_physical_container_and_representation_index,
M20,随后找：历史来源/评审,FIN-MASTER-01,INDEPENDENT-REVIEW_FIN-MASTER_v1_R1.md,10796,c72f598dc61c593d47a28be3d93b59a4629799a939bd4f037dd1fc0dd13269cd,https://github.com/GTX537/CP6.AI-Handoff/blob/61238af1f4264e1c79693abd0b2a0ca9b1682354/handoffs/PLAN-REUSE-01B/documentation/MD02/acceptances/B-RFQ/FIN-MASTER-01/CURRENT.json,/IndependentReviewHistory/1,2026-10-10仍未定位精确原件；身份线索补充不计恢复,文件名仅供检索，须按完整SHA256及适用字节数核原件；新生成说明/摘要不代原件,,,,,unlocated_after_full_physical_container_and_representation_index,
M21,随后找：历史来源/评审,FIN-MASTER-01,INDEPENDENT-REVIEW_FIN-MASTER_v1_R2.md,6770,a8db7280274b433af75f1b80f671844150d61f6252d2cdeca822d01a1a1e01af,https://github.com/GTX537/CP6.AI-Handoff/blob/61238af1f4264e1c79693abd0b2a0ca9b1682354/handoffs/PLAN-REUSE-01B/documentation/MD02/acceptances/B-RFQ/FIN-MASTER-01/CURRENT.json,/IndependentReviewHistory/2,2026-10-10仍未定位精确原件；身份线索补充不计恢复,文件名仅供检索，须按完整SHA256及适用字节数核原件；新生成说明/摘要不代原件,,,,,unlocated_after_full_physical_container_and_representation_index,
M22,随后找：历史来源/评审,FIN-MASTER-01,INDEPENDENT-REVIEW_FIN-MASTER_v1_R3.md,6378,131464dd41656004a0870953fcbc46095feaff39bdcc9d5d7244ed376ecd6bef,https://github.com/GTX537/CP6.AI-Handoff/blob/61238af1f4264e1c79693abd0b2a0ca9b1682354/handoffs/PLAN-REUSE-01B/documentation/MD02/acceptances/B-RFQ/FIN-MASTER-01/CURRENT.json,/IndependentReviewHistory/3,2026-10-10仍未定位精确原件；身份线索补充不计恢复,文件名仅供检索，须按完整SHA256及适用字节数核原件；新生成说明/摘要不代原件,,,,,unlocated_after_full_physical_container_and_representation_index,
M23,随后找：历史来源/评审,OA-APP-01,OA-APP-v1.1-contract-review.md,7591,e42548ef5ebbe449267d133c70b2e0bb97d3bcfa2f19d4515c7a474632d5e6f6,https://github.com/GTX537/CP6.AI-Handoff/blob/61238af1f4264e1c79693abd0b2a0ca9b1682354/handoffs/PLAN-REUSE-01B/documentation/MD02/acceptances/B-RFQ/OA-APP-01/CURRENT.json,/IndependentReviewHistory/0,2026-10-10仍未定位精确原件；身份线索补充不计恢复,文件名仅供检索，须按完整SHA256及适用字节数核原件；新生成说明/摘要不代原件,,,,,unlocated_after_full_physical_container_and_representation_index,
M24,随后找：历史来源/评审,OA-APP-01,OA-APP-v1.1.1-R1-contract-review.md,4197,ad3a5ea081c982485ddc6fa92d6453ad3ecf153e976b97b2812420147431872e,https://github.com/GTX537/CP6.AI-Handoff/blob/61238af1f4264e1c79693abd0b2a0ca9b1682354/handoffs/PLAN-REUSE-01B/documentation/MD02/acceptances/B-RFQ/OA-APP-01/CURRENT.json,/IndependentReviewHistory/1,2026-10-10仍未定位精确原件；身份线索补充不计恢复,文件名仅供检索，须按完整SHA256及适用字节数核原件；新生成说明/摘要不代原件,,,,,unlocated_after_full_physical_container_and_representation_index,
M25,随后找：历史来源/评审,OA-APP-01,OA-APP-v1.1.2-R2-contract-review.md,3602,5c1e78f875cd8bc1cab2e3b564f50f22f30b4586500bb159446f3ea02cd2053d,https://github.com/GTX537/CP6.AI-Handoff/blob/61238af1f4264e1c79693abd0b2a0ca9b1682354/handoffs/PLAN-REUSE-01B/documentation/MD02/acceptances/B-RFQ/OA-APP-01/CURRENT.json,/IndependentReviewHistory/2,2026-10-10仍未定位精确原件；身份线索补充不计恢复,文件名仅供检索，须按完整SHA256及适用字节数核原件；新生成说明/摘要不代原件,,,,,unlocated_after_full_physical_container_and_representation_index,
M26,历史包访问受阻,ERP-CREDIT-01,ERP_CREDIT_STAGE95_COMPLETE_UNAPPLIED_COMPENSATION_ZERO_CREDIT_RETURN_ONLY_C06_CURRENT_FROZEN_HISTORY_NEW_DELTA.zip,532922428,8f0460a9c9ae06cc6b2b5820446adc4cacf7417b963208863c84174ab36e6bc2,Library libfile_eeae9d9995108191b3bde235966eb58a / file_00000000515c81f4ab17821b6978f936,provenance/final-coverage.json,原归档报告官方来源HTTP403，未读取,核完整原ZIP字节；不等于当前Stage100正文缺失,,,,,unlocated_after_full_physical_container_and_representation_index,
M27,候选包访问受阻（归属待核）,ERP-CREDIT候选，未实读确认,F09_RECOVERY_R1_STAGE02_PAUSED.zip,407630,来源未提供，待取得后记录,Library libfile_deb2f82bce088191a4f0b57e19470916 / file_00000000a4188206a2cb8e98ad217fce,supplement_identity_progress_20261009T170221Z.json,最新增补报告官方HTTP403，归属/内容未核,保留原件来源与大小，先核内容归属，不凭名称升级为CP6必收设计,,,,,unlocated_after_full_physical_container_and_representation_index,
M28,增补历史包访问受阻,ERP-CREDIT-01（来源登记，正文未取得）,ERP_CREDIT_FULL_SCOPE_STAGE04_CROSS_LAYER_WORKING.zip,27123963,来源未提供，取得后核原身份,libfile_f3d0925426308191bf3238274b690e30 / file_000000003de482069ace937d6e4c36a3,D:/CP6/docs/CP6_完整成果归档_20261009/CP6_遗漏原包补充_20261009/supplement_identity_progress_20261010T045018Z.json,blocked_unread_official_materialization,准确原ZIP身份及范围；不以新生成替代包当历史原件,,,,,unlocated_source_reported_blocked,
